LotArea,OverallQual,ExterQual,BsmtQual,TotalBsmtSF,HeatingQC,GrLivArea,FullBath,HalfBath,KitchenQual,TotRmsAbvGrd,Fireplaces,GarageCars,GarageCond,WoodDeckSF,OpenPorchSF,MS_zoning_RL,ModernityInYears
11622,5,3,1,882.0,3,896,1,0,3,5,0,1.0,2,140,0,0,49
14267,6,3,1,1329.0,3,1329,1,1,4,6,0,1.0,2,393,36,1,52
13830,5,3,2,928.0,4,1629,2,1,3,6,1,2.0,2,212,34,1,12
9978,6,3,1,926.0,5,1604,2,1,4,7,1,2.0,2,360,36,1,12
5005,8,4,2,1280.0,5,1280,2,0,4,5,0,2.0,2,0,82,1,18
10000,6,3,2,763.0,4,1655,2,1,3,7,1,2.0,2,157,84,1,16
7980,6,3,2,1168.0,5,1187,2,0,3,6,0,2.0,2,483,21,1,3
8402,6,3,2,789.0,4,1465,2,1,3,7,1,2.0,2,0,75,1,12
10176,7,3,2,1300.0,4,1341,1,1,4,5,1,2.0,2,192,0,1,20
8400,4,3,1,882.0,3,882,1,0,3,4,0,2.0,2,240,0,1,40
5858,7,4,2,1405.0,5,1337,2,0,4,5,1,2.0,2,203,68,0,11
1680,6,3,1,483.0,3,987,1,1,3,5,0,1.0,2,275,0,0,39
1680,5,3,1,525.0,3,1092,1,1,3,6,0,1.0,2,0,0,0,39
2280,6,3,1,855.0,3,1456,2,1,4,6,1,2.0,2,173,0,1,35
2280,7,3,2,836.0,5,836,1,0,3,4,0,1.0,2,0,30,1,35
12858,9,5,3,1590.0,5,2334,2,1,5,10,1,3.0,2,144,133,1,0
12883,8,4,2,1544.0,5,1544,2,0,4,7,0,3.0,2,0,35,1,0
11520,9,4,3,1698.0,5,1698,2,0,5,7,1,3.0,2,192,74,1,5
14122,8,4,3,1822.0,5,1822,2,0,5,8,1,3.0,2,0,119,1,4
14300,9,5,3,2846.0,5,2696,2,1,5,10,2,3.0,2,220,150,1,6
13650,8,4,2,1671.0,5,2250,2,1,4,7,1,3.0,2,238,130,1,8
7132,8,4,2,1370.0,5,1370,2,0,4,6,1,2.0,2,120,49,1,4
18494,6,4,2,1324.0,5,1324,2,0,4,6,0,2.0,2,36,23,1,5
3203,7,4,2,1145.0,5,1145,2,0,4,6,0,2.0,2,100,116,1,4
13300,7,4,2,384.0,5,1374,2,1,4,7,1,2.0,2,100,0,1,6
8577,7,4,2,847.0,5,1733,2,1,4,7,1,2.0,2,144,48,1,6
17433,8,4,3,1629.0,5,2475,2,1,4,7,1,3.0,2,23,172,1,12
8987,8,4,2,1595.0,5,1595,2,0,4,6,1,3.0,2,144,0,1,4
9215,7,4,2,1218.0,5,1218,2,0,4,4,0,2.0,2,0,136,0,0
10440,6,4,3,1468.0,5,1468,2,0,4,6,1,2.0,2,0,102,0,5
11920,7,4,2,831.0,5,1659,2,1,4,8,0,2.0,2,144,68,1,6
9800,5,3,1,816.0,3,1012,1,0,3,5,0,1.0,2,121,0,0,60
15410,6,3,1,1208.0,5,1494,2,0,3,7,2,2.0,2,296,0,1,8
13143,8,4,2,1231.0,5,2349,2,1,4,9,1,3.0,2,32,130,1,17
11134,8,4,2,1390.0,5,2225,2,1,4,7,1,3.0,2,198,30,1,17
4835,7,4,3,1488.0,5,1488,2,0,4,6,1,2.0,2,168,50,0,5
3515,7,4,2,840.0,5,1680,2,1,4,3,0,2.0,2,0,111,0,6
3215,7,4,2,600.0,5,1200,2,1,4,4,0,2.0,2,0,172,0,6
2544,7,4,2,600.0,5,1200,2,1,4,4,0,2.0,2,0,172,0,5
2544,6,4,2,600.0,5,1236,2,1,4,4,0,2.0,2,0,166,0,5
2980,6,4,2,756.0,5,1512,2,1,4,5,0,2.0,2,0,32,0,10
2403,7,4,2,530.0,5,1080,2,1,4,4,0,2.0,2,0,50,0,7
12853,8,4,3,1642.0,5,1418,1,1,4,6,1,3.0,2,160,192,0,0
7379,8,4,2,975.0,5,1848,2,1,4,7,1,2.0,2,280,184,0,10
8000,7,4,2,1492.0,5,1492,2,0,4,6,1,2.0,2,277,137,0,8
10456,6,3,1,1829.0,4,1829,2,0,3,8,0,2.0,2,0,76,1,43
10791,6,3,2,1280.0,5,2495,2,1,4,9,1,2.0,2,224,32,1,17
18837,6,3,2,1224.0,3,1891,3,0,3,7,1,2.0,2,0,69,1,32
9600,6,3,1,715.0,3,1645,1,2,3,7,0,2.0,2,0,78,1,39
9600,5,3,1,1232.0,3,1232,1,1,3,6,0,2.0,2,0,224,1,44
9900,5,3,2,1209.0,4,1209,1,0,3,6,0,2.0,2,0,0,1,44
9680,5,3,1,1510.0,5,1510,2,0,4,6,0,2.0,2,0,40,1,43
10600,6,3,1,533.0,3,1775,2,0,3,8,0,2.0,2,0,172,1,46
13260,5,3,1,1728.0,3,1728,2,0,3,10,0,0.0,5,0,0,1,9
9724,5,4,1,1140.0,4,2461,2,0,3,7,2,2.0,2,0,0,1,8
17360,6,3,1,782.0,3,1556,2,0,3,6,1,2.0,2,0,0,1,60
11380,6,3,1,1080.0,4,1128,1,0,4,5,1,1.0,2,238,0,1,2
8267,5,3,1,1604.0,3,1604,2,0,3,8,0,2.0,2,42,0,1,52
8197,7,4,2,1480.0,5,1480,2,0,4,7,0,2.0,2,252,73,1,1
8050,5,3,1,1143.0,3,1143,1,0,3,6,0,1.0,2,0,0,1,51
10725,5,3,1,1206.0,2,1206,1,0,3,6,0,1.0,2,0,21,1,51
10032,6,3,1,1244.0,5,1580,1,1,3,6,2,2.0,2,0,28,1,51
8382,4,3,1,832.0,3,1337,1,0,3,5,0,1.0,2,0,0,1,54
10950,5,3,1,864.0,3,1064,1,0,2,4,0,1.0,2,0,0,1,58
10895,5,3,1,972.0,3,972,1,0,3,5,0,1.0,2,0,0,1,55
13587,5,3,1,988.0,3,988,1,0,3,5,0,1.0,2,0,0,1,52
7898,4,3,1,576.0,4,985,1,0,3,4,0,2.0,2,0,0,1,16
8064,6,3,1,816.0,3,1224,1,0,3,5,0,1.0,2,414,0,1,6
7635,5,3,1,1175.0,5,1175,1,1,3,6,0,2.0,2,0,0,1,50
9760,6,3,1,1395.0,3,1395,1,0,3,7,1,2.0,2,657,0,1,26
4800,4,3,1,709.0,3,1844,1,0,3,9,2,1.0,2,84,0,0,56
4485,5,3,1,936.0,3,936,1,0,3,5,1,0.0,5,51,0,0,60
5805,5,3,1,1347.0,4,1347,1,0,4,6,0,2.0,2,0,0,0,53
6900,6,3,2,827.0,4,1251,1,0,2,6,0,1.0,2,0,0,0,10
11851,5,3,1,1027.0,5,1633,1,0,4,7,1,1.0,2,0,100,0,1
8239,5,3,1,1008.0,3,1245,1,0,3,6,0,1.0,2,0,0,0,48
9656,2,3,0,678.0,3,832,1,0,3,5,1,2.0,1,0,0,0,40
9600,8,4,1,930.0,3,1566,2,0,4,7,0,1.0,2,54,228,0,7
9000,8,4,0,346.0,5,2268,3,0,4,7,0,2.0,2,0,108,0,8
9045,5,3,1,840.0,2,2256,2,0,2,12,0,0.0,5,0,18,0,60
10560,6,3,0,738.0,5,1470,1,1,3,6,0,2.0,2,0,0,0,16
5830,5,3,1,988.0,5,1612,1,1,3,7,0,1.0,2,0,0,0,13
7793,7,3,2,1108.0,3,2068,1,1,4,8,1,1.0,2,0,0,1,5
5000,4,3,1,765.0,3,765,1,0,4,4,0,1.0,2,135,0,0,60
6000,6,3,1,608.0,3,1132,1,0,3,5,0,1.0,2,0,0,0,60
6000,6,3,1,572.0,5,1196,1,1,3,6,2,2.0,2,0,0,0,60
6360,5,3,1,835.0,3,1453,1,1,4,7,2,1.0,2,0,0,0,60
6000,6,3,1,780.0,3,1416,1,1,3,6,0,1.0,2,221,0,0,60
6240,5,3,1,528.0,4,1040,1,0,3,5,0,2.0,2,306,0,0,30
6240,5,3,1,928.0,3,1536,2,0,3,7,1,2.0,2,0,10,0,60
6120,6,3,0,1124.0,3,1068,1,0,3,5,1,1.0,2,0,0,0,60
8094,4,3,1,888.0,5,1962,1,1,3,9,1,2.0,2,160,0,0,60
12900,6,4,1,780.0,5,1560,1,1,4,7,0,0.0,5,344,0,0,1
3068,6,3,1,662.0,5,1324,1,0,3,6,0,1.0,2,0,0,0,17
15263,5,3,2,1422.0,4,1675,2,0,3,8,2,1.0,2,0,132,1,51
10632,5,3,2,689.0,4,1224,1,1,3,6,0,1.0,1,0,0,1,60
9900,5,2,1,1212.0,3,1392,1,0,3,6,0,0.0,5,0,0,1,60
6001,6,3,0,600.0,5,919,1,0,3,5,0,1.0,2,0,0,1,60
6449,4,3,1,707.0,3,1884,1,1,3,7,0,0.0,5,0,0,0,60
6048,5,3,1,856.0,4,1680,2,0,3,7,1,2.0,1,56,144,0,60
10773,4,2,1,1832.0,3,1832,2,0,3,8,0,0.0,5,0,58,1,43
7800,5,3,1,864.0,5,892,1,0,4,5,0,1.0,2,0,0,1,2
7832,5,3,1,864.0,5,864,1,0,3,4,0,1.0,2,226,0,1,42
7424,5,3,2,1319.0,3,1373,1,0,3,5,2,2.0,2,0,0,1,32
11227,5,3,1,720.0,5,1440,1,1,3,7,2,2.0,2,192,38,1,42
20062,7,4,2,1420.0,4,1483,1,1,3,4,2,2.0,2,496,0,1,9
9259,4,3,0,660.0,3,756,1,0,3,4,0,2.0,2,80,0,1,60
17082,6,3,2,1117.0,5,1981,2,1,4,8,1,2.0,2,336,104,1,18
18600,3,3,1,972.0,3,1610,2,0,2,8,1,1.0,2,0,0,1,20
11479,6,3,1,663.0,5,1074,1,0,4,6,1,1.0,2,0,52,1,23
9350,4,3,1,756.0,5,1531,1,0,3,8,1,1.0,2,0,0,1,31
9525,5,3,1,1172.0,3,1172,1,0,3,5,0,1.0,2,240,0,1,12
17485,7,4,2,1508.0,5,1508,1,0,4,5,2,2.0,2,0,0,1,0
11200,5,3,1,1250.0,5,1298,2,0,3,5,0,2.0,1,0,144,1,46
11980,7,4,2,1433.0,5,1433,1,1,4,4,2,2.0,3,0,278,1,23
12361,6,4,2,946.0,5,1802,2,1,4,8,1,4.0,2,450,92,1,17
7360,7,4,2,1222.0,5,1222,2,0,4,6,0,2.0,2,0,54,1,0
14235,6,3,0,676.0,3,1445,2,0,3,6,0,2.0,2,0,59,1,17
11105,5,3,2,870.0,4,965,1,0,3,4,0,2.0,2,71,0,1,14
9337,7,3,2,878.0,5,1692,2,1,3,8,1,2.0,2,0,39,1,12
15240,5,4,2,1026.0,5,1026,1,1,3,5,0,1.0,2,316,85,1,6
7480,5,3,1,876.0,3,876,1,0,3,5,0,2.0,2,0,0,1,38
10389,8,4,2,1978.0,5,1978,2,1,4,8,1,3.0,2,188,25,1,7
9375,7,4,2,1040.0,5,2098,2,1,4,9,1,2.0,2,331,38,1,13
4435,6,4,2,848.0,5,848,1,0,4,4,0,2.0,2,140,0,0,7
8777,3,3,4,0.0,3,640,1,0,3,5,0,1.0,2,0,0,1,3
8842,5,3,0,381.0,5,992,1,0,3,6,0,1.0,2,60,0,1,56
10044,5,3,2,1196.0,3,1196,1,0,3,6,0,1.0,2,257,0,1,42
11792,4,3,1,744.0,5,1120,1,0,2,5,0,2.0,1,0,0,1,60
6305,6,3,1,1008.0,3,1096,1,0,3,5,1,1.0,2,0,0,1,35
6410,4,3,1,960.0,5,960,1,0,3,5,0,0.0,5,0,0,1,52
4853,5,3,1,1107.0,2,1296,2,0,2,5,1,1.0,2,0,0,1,11
7890,6,3,1,856.0,3,856,1,0,3,4,1,2.0,2,0,0,1,60
7200,4,3,4,0.0,3,2650,3,0,3,10,0,0.0,5,0,0,0,43
9839,5,3,1,894.0,5,1666,1,0,3,7,1,0.0,5,0,156,1,60
10452,7,4,2,1528.0,5,2133,1,1,3,8,2,1.0,2,0,0,1,25
15600,5,3,1,1032.0,5,2177,2,1,3,11,0,2.0,2,0,0,1,19
19645,7,3,2,423.0,5,1652,2,1,4,6,0,2.0,2,0,0,1,3
3907,8,4,2,982.0,4,1034,1,0,4,4,1,2.0,2,141,36,0,21
3907,8,4,2,1191.0,4,1191,2,0,4,5,1,2.0,2,112,81,0,21
8154,2,3,1,480.0,3,540,1,0,3,4,0,1.0,1,0,0,0,60
9140,6,3,1,629.0,2,1107,1,0,3,5,0,1.0,2,0,56,0,35
8712,4,2,1,756.0,4,952,1,0,3,5,0,1.0,2,0,0,0,60
3811,8,4,3,1594.0,5,1646,2,0,4,5,1,2.0,2,128,53,0,5
11050,8,4,2,1049.0,5,1916,2,1,4,8,1,3.0,2,0,70,1,11
9620,6,3,1,1243.0,3,1285,2,0,4,6,1,2.0,2,375,26,1,33
12760,6,3,1,1958.0,3,2048,3,0,3,9,0,2.0,2,0,0,1,34
11896,7,4,2,1336.0,5,1346,2,0,4,6,1,3.0,2,100,48,1,2
9803,7,4,2,1214.0,5,1214,2,0,4,6,0,2.0,2,0,25,1,0
9802,5,3,2,384.0,4,1444,2,1,3,7,0,2.0,2,100,0,1,3
15300,5,3,1,1068.0,3,1264,1,0,3,7,1,2.0,2,0,0,1,33
10114,5,3,3,1430.0,5,1430,2,0,4,7,0,2.0,2,0,0,1,5
11875,5,3,2,1344.0,5,1344,2,0,3,7,1,2.0,2,328,0,1,11
2394,5,3,2,945.0,5,945,1,0,3,5,1,1.0,2,174,0,0,37
1476,4,3,1,546.0,5,1092,1,1,3,5,0,0.0,5,200,26,0,40
1900,4,3,1,546.0,5,1092,1,1,3,5,0,0.0,5,0,0,0,40
1890,4,3,1,546.0,3,1092,1,1,3,5,0,1.0,2,0,0,0,38
6953,5,3,1,864.0,5,874,1,0,3,5,0,1.0,2,0,0,1,6
12887,5,3,2,833.0,3,833,1,0,4,5,0,2.0,2,431,0,1,26
7700,5,3,1,1216.0,4,2432,4,2,3,10,0,2.0,1,200,0,1,24
10475,5,3,2,624.0,4,1274,1,1,3,6,0,2.0,2,22,0,1,19
10544,5,3,1,864.0,3,1479,2,0,3,8,0,1.0,2,287,0,1,41
9892,8,4,2,1679.0,5,1803,2,1,4,6,2,2.0,2,129,64,1,15
12961,6,4,2,1152.0,5,1797,2,1,4,7,1,2.0,2,162,312,1,16
13008,6,3,0,882.0,3,882,1,0,3,5,0,1.0,2,0,0,1,53
10200,6,3,1,1434.0,3,1434,2,0,3,7,1,2.0,2,80,21,1,35
10179,6,3,2,945.0,5,1608,2,1,3,7,1,2.0,2,252,30,1,12
11792,8,4,2,1008.0,5,2283,2,1,4,9,1,3.0,2,120,46,1,6
8400,7,3,2,384.0,4,1628,2,1,3,7,1,2.0,2,48,72,1,12
7296,8,4,3,2208.0,5,2522,2,0,4,8,1,2.0,2,182,57,1,4
7380,8,3,2,1418.0,5,1478,2,0,3,5,0,2.0,2,168,43,1,11
8013,8,4,2,1587.0,5,1734,2,0,4,6,0,2.0,2,52,50,1,13
8923,7,4,2,384.0,4,1382,2,1,3,7,1,2.0,2,256,0,1,11
7500,6,4,2,952.0,4,1636,2,1,3,7,1,2.0,2,0,84,1,10
8803,6,3,2,707.0,4,1516,2,1,4,7,1,2.0,2,0,46,1,14
7250,6,3,2,1181.0,5,1190,2,0,4,6,1,2.0,2,0,21,1,16
11900,5,3,2,1122.0,5,1934,2,1,3,6,1,2.0,2,0,176,1,32
13250,7,3,2,832.0,3,2050,2,1,4,8,1,2.0,2,192,192,1,31
10928,6,3,1,1427.0,3,1671,2,0,3,7,1,2.0,2,252,55,1,23
12388,7,3,2,1043.0,3,2673,2,1,4,9,1,2.0,2,178,84,1,18
11088,6,3,1,1140.0,4,1707,2,0,3,7,1,2.0,2,0,0,1,11
7000,7,4,2,926.0,5,1884,2,1,5,7,1,2.0,2,0,35,0,6
7500,8,4,2,1058.0,5,1874,2,1,4,7,1,2.0,2,0,134,0,8
8470,8,4,2,972.0,5,1811,2,1,4,7,1,2.0,2,225,48,0,7
9373,5,3,2,1621.0,3,1621,2,0,3,7,2,2.0,2,0,0,1,34
10140,6,3,1,1116.0,5,1116,2,0,3,6,1,2.0,2,0,0,1,35
11050,7,3,1,1176.0,2,1193,2,0,3,5,1,2.0,2,40,0,1,34
7830,5,3,1,1180.0,3,1180,1,1,3,6,0,2.0,2,0,45,1,39
8510,5,3,2,1043.0,5,1050,1,1,3,6,0,1.0,2,0,0,1,38
7038,4,3,1,864.0,3,864,1,0,3,5,0,2.0,2,210,0,1,39
9000,4,3,1,864.0,4,864,1,0,3,5,0,2.0,2,200,0,1,3
1680,6,3,1,483.0,3,987,1,1,3,5,0,1.0,2,0,0,0,36
1680,6,3,1,483.0,3,987,1,1,3,5,0,1.0,2,0,0,0,37
2308,6,3,2,804.0,3,1548,2,1,3,7,1,2.0,2,108,0,1,33
2280,7,3,2,1057.0,3,1055,2,0,3,4,1,2.0,2,0,27,1,34
2349,6,3,2,855.0,3,1456,2,1,3,6,1,2.0,2,0,28,1,32
2364,6,3,2,804.0,3,1548,2,1,3,7,1,2.0,2,108,0,1,31
2364,6,4,2,855.0,3,1456,2,1,3,6,1,2.0,2,147,0,1,31
2104,7,3,1,836.0,3,836,1,0,3,5,0,1.0,2,150,20,1,33
10710,5,4,1,864.0,5,1120,1,0,3,5,1,2.0,2,0,162,1,5
14257,9,5,3,1776.0,5,2772,3,1,5,10,3,3.0,2,135,64,1,2
12350,9,4,3,1365.0,5,2690,2,1,5,8,1,3.0,2,0,197,1,0
12350,9,5,3,2020.0,5,2020,2,0,5,7,1,3.0,2,192,98,1,1
13693,10,5,3,2630.0,5,2674,2,1,5,8,2,3.0,2,360,50,1,2
11578,9,5,3,1736.0,5,1736,2,0,5,7,1,3.0,2,319,90,1,1
16870,8,4,3,1782.0,5,1782,2,0,4,7,2,3.0,2,99,82,1,4
23303,8,4,3,1508.0,5,2520,2,1,5,10,1,3.0,2,192,273,1,2
10367,9,5,3,1739.0,5,1743,2,0,5,8,1,3.0,2,168,45,1,1
10872,9,4,3,1504.0,5,1531,2,0,5,6,1,3.0,2,184,52,1,3
13514,9,5,3,1774.0,5,1808,2,0,5,7,1,3.0,2,200,26,1,1
12878,7,4,2,1760.0,5,1760,2,0,4,8,1,2.0,2,165,190,1,5
15274,9,4,3,2452.0,5,2452,2,0,5,10,1,3.0,2,0,116,1,6
13262,8,4,2,1082.0,5,2400,3,1,4,10,1,3.0,2,114,40,1,5
9658,8,4,2,1598.0,4,1606,2,0,4,6,1,3.0,2,230,60,1,3
6904,6,4,2,1358.0,5,1358,2,0,4,6,1,2.0,2,192,36,1,4
5122,6,4,2,1306.0,5,1306,2,0,4,5,1,2.0,2,170,63,1,4
10307,7,4,2,1350.0,5,1358,2,0,4,6,1,2.0,2,192,26,1,1
14836,10,5,3,2492.0,5,2492,2,1,5,8,1,3.0,2,226,235,1,4
15262,8,4,3,2200.0,5,2200,2,1,5,8,1,3.0,2,208,55,1,5
7390,9,5,3,1884.0,5,1884,2,0,5,6,1,2.0,2,231,90,1,0
6472,9,5,3,1451.0,5,1456,2,0,5,6,1,2.0,2,192,42,1,1
16770,8,4,3,1712.0,5,1712,2,0,4,8,1,3.0,2,218,183,1,6
3480,7,4,2,1405.0,5,1405,2,0,4,6,1,2.0,2,148,36,1,6
10928,7,4,2,728.0,5,1456,2,1,4,8,1,2.0,2,100,0,1,4
8918,6,4,2,745.0,5,1490,2,1,4,7,1,2.0,2,36,20,1,3
3182,7,4,2,1220.0,5,1220,2,0,4,5,1,2.0,2,100,16,1,3
9434,7,4,2,384.0,5,1374,2,1,4,6,1,2.0,2,100,0,1,4
7984,7,4,2,868.0,5,1630,2,1,4,7,1,2.0,2,120,48,1,4
10125,7,4,2,846.0,5,1594,2,1,4,7,1,2.0,2,300,48,1,5
8965,7,4,2,782.0,5,1489,2,1,4,8,1,2.0,2,0,75,1,6
8174,7,4,2,698.0,5,1342,2,1,4,7,1,2.0,2,100,56,1,6
12891,8,4,3,870.0,5,2004,2,1,4,8,1,3.0,2,0,48,1,7
9734,7,4,2,384.0,5,1374,2,1,4,7,0,2.0,2,0,0,1,5
8433,6,3,2,794.0,5,1514,2,1,3,7,1,2.0,2,0,72,1,9
7750,7,3,2,384.0,5,1430,2,1,3,7,1,2.0,2,0,0,1,9
15896,7,4,2,1177.0,5,2312,2,1,4,8,1,3.0,2,298,0,1,10
7848,7,3,1,384.0,5,1430,2,1,3,7,1,2.0,2,0,0,1,10
12720,8,4,2,1455.0,5,2687,2,1,4,10,2,3.0,2,252,30,1,9
10750,8,4,2,2024.0,5,2063,2,0,4,7,2,3.0,2,182,56,1,14
9085,7,4,2,1070.0,5,2061,2,1,4,7,1,2.0,2,296,102,1,13
11692,8,4,2,1173.0,5,2232,2,1,4,8,1,2.0,2,173,165,1,15
11194,8,4,2,1696.0,5,1696,2,0,4,7,0,3.0,2,120,56,1,1
10206,8,4,2,1614.0,5,1658,2,1,4,7,1,3.0,2,144,44,1,1
10130,8,4,2,1702.0,5,1702,2,0,4,7,1,3.0,2,0,69,1,2
9139,8,4,3,1422.0,5,1432,2,0,4,7,1,2.0,2,297,50,1,3
11128,9,5,3,2458.0,5,2490,2,0,5,9,2,3.0,2,70,226,1,3
7993,7,4,3,1436.0,5,1436,2,0,4,6,0,2.0,2,0,121,0,0
8640,7,4,2,1402.0,5,1402,2,0,4,7,0,2.0,2,205,126,0,1
12606,9,4,2,1530.0,5,1530,2,0,4,7,1,3.0,2,212,136,0,1
7500,8,4,2,1372.0,5,1448,2,0,4,6,1,2.0,2,0,140,0,2
10603,8,4,3,900.0,5,1795,2,1,4,8,1,3.0,2,168,45,0,3
8125,8,4,2,1836.0,5,1836,2,0,4,8,1,2.0,2,0,175,0,0
10625,7,4,2,1652.0,5,1662,2,0,5,8,1,3.0,2,168,120,0,2
8736,7,4,2,1553.0,5,1553,2,0,4,6,0,2.0,2,192,88,0,5
8127,7,4,2,812.0,5,1653,2,1,4,6,0,2.0,2,0,45,0,6
9605,7,4,2,1218.0,5,1218,1,1,4,6,0,2.0,2,0,178,1,2
7500,7,4,2,1141.0,5,1141,1,1,4,6,0,2.0,2,182,0,1,3
7500,6,3,2,1158.0,5,1158,1,1,4,5,0,0.0,5,0,50,1,5
10628,7,4,2,835.0,5,1812,2,1,4,8,0,2.0,2,146,91,1,5
10141,8,4,2,1512.0,5,1512,2,0,4,6,0,3.0,2,210,36,1,5
13072,7,4,2,1114.0,5,1114,1,1,4,6,0,2.0,2,248,102,1,4
13072,5,3,2,1114.0,5,1114,1,1,4,6,0,0.0,5,0,39,1,5
12450,5,3,2,1114.0,5,1114,2,0,4,6,0,2.0,2,0,42,1,5
7328,7,4,2,1450.0,5,1450,2,0,4,6,0,3.0,2,0,93,1,0
11492,7,4,2,913.0,5,2122,2,1,4,8,1,2.0,2,0,74,1,12
7703,6,4,2,816.0,5,1730,2,1,4,6,0,2.0,2,0,91,1,17
7175,6,4,2,1332.0,4,1332,2,0,4,5,0,2.0,2,0,60,1,18
9109,7,4,2,754.0,5,1540,2,1,4,6,0,2.0,2,140,32,1,15
10274,6,3,2,676.0,3,1400,2,1,3,6,0,2.0,2,0,48,1,23
8250,6,3,4,0.0,3,1882,2,0,3,8,2,2.0,2,0,0,1,28
9750,5,3,1,980.0,4,980,1,0,3,5,0,2.0,2,0,28,1,47
8499,5,3,1,864.0,5,864,1,0,3,5,0,2.0,2,0,312,1,48
9079,5,3,1,864.0,3,864,1,0,3,5,0,1.0,2,158,0,1,48
9316,5,3,1,1024.0,4,1020,2,0,3,5,0,1.0,2,171,0,1,44
7791,5,4,1,912.0,5,912,1,0,4,6,0,1.0,2,0,0,1,14
7150,5,3,1,912.0,4,912,1,0,3,6,0,1.0,2,0,0,1,47
15676,8,4,2,2014.0,4,2014,2,0,4,6,2,3.0,2,462,0,1,29
11949,7,4,2,975.0,5,1755,2,1,4,7,1,2.0,2,502,60,1,1
2880,7,4,2,1376.0,5,3005,2,1,4,9,1,3.0,2,0,177,0,4
3830,6,4,2,1726.0,5,1726,2,1,4,6,1,2.0,2,0,254,0,1
4217,6,4,2,1145.0,5,1256,1,1,4,5,1,2.0,2,0,169,0,1
2998,6,4,2,756.0,5,1512,2,1,4,4,0,2.0,2,0,32,0,9
3768,7,4,2,691.0,5,1452,2,1,4,6,0,2.0,2,0,34,0,10
14694,8,5,2,1694.0,5,1694,2,0,5,5,1,2.0,2,501,120,1,1
15417,7,4,2,1740.0,3,1740,1,1,4,7,0,2.0,2,228,20,1,28
9600,8,4,1,392.0,5,2499,2,1,3,5,1,2.0,2,0,64,1,33
12732,7,3,1,752.0,3,2067,2,1,4,7,2,2.0,2,297,40,1,35
10400,6,3,1,932.0,4,2640,2,1,4,8,1,2.0,2,0,120,1,12
9600,5,3,2,1288.0,3,1336,2,0,3,6,1,2.0,2,312,11,1,40
9000,6,3,1,1216.0,3,1216,1,0,3,5,0,1.0,2,0,0,1,40
13774,7,3,2,908.0,5,2288,1,2,4,8,2,2.0,2,321,72,1,17
7130,5,3,1,864.0,3,864,1,0,3,5,0,1.0,2,0,0,1,42
9600,5,3,1,1568.0,3,1568,1,1,3,7,0,2.0,2,160,40,1,42
9600,7,3,1,1165.0,4,2061,2,1,3,8,1,2.0,2,0,77,1,35
16500,6,3,2,1232.0,2,1320,2,0,3,5,1,2.0,2,0,20,1,38
7436,4,3,1,894.0,4,894,1,0,3,5,1,2.0,2,0,0,1,49
8125,5,3,1,864.0,5,864,1,0,3,5,0,1.0,2,0,0,1,50
9450,4,3,1,1040.0,3,1362,1,0,3,6,1,3.0,2,0,0,1,52
13495,5,3,1,1048.0,2,1728,2,0,3,7,1,2.0,2,0,99,1,53
9350,5,3,1,1313.0,3,1313,1,1,4,6,1,2.0,2,172,28,1,14
10500,5,3,1,1292.0,3,1292,1,1,3,6,2,2.0,2,0,32,1,45
8970,5,3,1,744.0,3,2140,2,1,3,7,1,2.0,2,0,40,1,44
11475,6,3,1,1208.0,5,1576,1,0,4,7,1,2.0,2,85,0,1,48
9768,5,3,1,960.0,4,960,1,0,3,5,0,1.0,2,0,70,1,54
9900,6,4,1,1680.0,3,1691,1,0,3,5,0,2.0,2,0,67,1,42
10573,6,3,1,1453.0,5,1453,2,0,3,6,1,2.0,2,0,49,1,48
14695,6,3,1,1562.0,4,1567,2,0,4,5,2,2.0,2,0,110,1,1
8760,5,4,1,1169.0,3,1144,1,0,3,6,0,1.0,2,257,0,1,53
12285,7,3,1,1329.0,4,1329,1,1,3,5,2,2.0,2,0,0,1,49
9240,6,4,1,988.0,3,988,2,0,4,6,0,1.0,2,156,0,1,11
8750,5,3,1,1202.0,3,1202,1,0,3,6,0,1.0,2,0,35,1,53
8750,5,3,1,1382.0,4,1382,1,0,4,6,0,1.0,2,280,0,1,54
10400,4,3,1,1200.0,3,1200,1,0,3,6,2,1.0,2,0,189,1,53
9482,5,3,1,1866.0,5,1866,2,0,3,8,0,2.0,1,0,0,1,51
8128,6,3,1,1062.0,4,1062,1,0,3,6,0,1.0,2,0,0,1,55
13070,5,3,1,631.0,3,1112,1,0,3,5,0,2.0,2,0,0,1,58
8480,5,3,1,793.0,3,793,1,0,2,4,0,1.0,2,0,0,1,59
7626,5,4,1,1031.0,4,1031,1,0,4,5,0,1.0,2,0,0,1,4
9533,5,3,4,0.0,3,1210,1,1,3,7,0,1.0,2,208,0,1,56
11419,7,3,1,699.0,5,1527,1,1,3,6,1,2.0,2,0,0,1,10
9600,5,3,1,1200.0,3,1200,1,0,3,6,0,1.0,2,126,0,1,59
5470,3,3,1,792.0,4,792,1,0,3,4,0,1.0,2,0,90,1,51
10800,5,3,1,676.0,5,1352,2,0,4,7,0,2.0,2,187,0,1,3
8146,4,4,0,405.0,4,1039,1,0,3,6,0,1.0,2,0,0,1,6
10230,5,3,1,1054.0,5,1078,1,0,5,6,0,1.0,2,0,0,1,59
10410,4,3,1,1313.0,3,2377,2,0,4,8,1,2.0,2,0,0,1,59
7200,7,4,1,560.0,5,1690,2,0,4,5,0,2.0,2,0,0,1,1
5400,2,2,0,416.0,4,599,1,0,4,4,0,0.0,5,0,81,1,59
10800,5,3,1,720.0,3,846,1,0,4,4,0,2.0,2,0,0,1,59
10800,3,3,1,630.0,3,725,1,1,3,4,0,1.0,2,0,30,1,11
9671,6,3,1,1248.0,3,2544,2,2,3,12,0,3.0,2,0,0,1,40
10143,6,3,1,1380.0,2,1380,1,1,3,6,0,1.0,2,0,0,1,46
11500,6,2,1,1040.0,4,1040,1,0,3,6,1,2.0,2,0,0,1,42
8010,6,4,1,951.0,4,951,1,0,4,6,0,2.0,2,0,0,1,2
10454,6,3,1,1105.0,4,1105,1,0,3,5,0,1.0,2,0,0,1,52
9000,6,3,2,160.0,2,1142,1,0,3,5,1,1.0,2,0,28,1,51
8064,6,3,1,795.0,4,1133,1,0,3,5,0,2.0,2,0,0,1,59
7350,5,3,1,1041.0,4,1041,1,0,3,6,0,1.0,2,0,0,1,51
7200,5,3,1,732.0,3,732,1,0,3,4,0,1.0,2,0,68,1,57
8000,5,3,2,528.0,3,1183,1,0,3,6,0,1.0,2,0,0,1,50
10800,4,3,1,832.0,3,1461,2,0,3,6,0,1.0,2,0,204,1,13
8064,6,3,1,864.0,3,1495,1,0,3,6,0,2.0,2,180,36,1,15
7570,6,3,1,780.0,3,1806,1,1,3,8,0,2.0,2,0,55,1,45
8604,5,3,2,941.0,4,941,1,0,4,4,0,2.0,2,0,40,1,31
7936,6,3,1,1045.0,3,1045,1,0,3,6,1,1.0,2,0,0,1,46
4080,6,3,1,901.0,4,1378,1,0,4,6,0,1.0,1,54,0,0,11
10307,6,3,1,972.0,4,1944,2,0,3,12,0,2.0,2,0,28,0,59
15660,5,3,1,240.0,3,1306,1,1,4,6,0,2.0,2,0,0,0,6
9900,5,4,1,504.0,5,1464,2,0,3,7,0,0.0,5,0,0,0,7
6406,5,3,1,690.0,3,1558,1,1,3,7,1,2.0,2,0,36,0,59
7627,4,2,0,600.0,4,1701,2,0,2,8,0,0.0,5,0,0,0,59
10134,5,3,0,801.0,4,1447,1,0,3,6,0,0.0,5,80,0,0,59
6000,5,3,1,768.0,3,1328,1,1,3,6,0,1.0,2,0,12,0,39
7404,4,3,0,861.0,3,861,1,0,3,5,0,2.0,2,0,0,0,59
5925,2,3,4,0.0,2,612,1,0,3,4,0,1.0,1,0,0,0,59
8520,5,4,0,624.0,3,792,1,0,3,5,0,1.0,2,0,0,0,59
9600,4,4,0,677.0,3,1510,2,0,4,7,0,2.0,2,0,0,0,59
8400,6,3,0,917.0,4,2007,2,0,5,8,0,1.0,2,0,235,0,59
3600,6,3,1,624.0,5,1288,1,0,5,5,1,1.0,2,0,103,0,2
3300,4,3,1,624.0,5,816,1,0,3,5,1,0.0,5,0,33,0,59
5400,6,2,1,972.0,5,1480,1,0,3,6,0,1.0,2,0,0,0,59
9720,6,3,1,741.0,5,1521,1,0,4,8,0,3.0,2,0,0,0,7
9392,3,3,0,245.0,3,797,1,0,3,5,0,0.0,5,0,36,0,59
6615,6,3,1,1022.0,3,1432,1,0,4,6,1,1.0,2,266,61,1,59
4960,5,3,1,297.0,5,1654,2,0,3,7,1,1.0,2,244,60,1,27
6000,5,3,1,468.0,4,1142,1,0,3,6,0,1.0,2,0,0,0,59
6120,5,3,1,960.0,4,995,1,0,3,5,0,1.0,2,0,15,0,10
6120,5,3,1,952.0,3,1582,2,0,3,6,1,1.0,2,189,0,0,59
8635,5,3,1,1072.0,3,1072,1,0,3,5,0,5.0,2,0,0,0,59
8094,6,3,1,1048.0,4,1768,2,0,3,8,0,2.0,1,0,0,0,59
9928,7,3,1,672.0,2,1944,2,0,3,8,0,1.0,2,24,28,0,15
3000,5,3,1,1040.0,3,2128,2,0,3,11,0,0.0,5,0,56,0,59
6876,6,3,1,720.0,2,1930,2,0,3,8,0,1.0,2,0,0,0,59
5775,6,3,1,483.0,5,1427,1,0,4,7,0,1.0,2,0,24,0,7
5852,7,3,1,1020.0,3,1864,2,1,3,9,0,0.0,5,0,188,0,9
5160,6,3,1,1204.0,3,1666,1,0,3,4,0,1.0,2,0,0,0,59
5160,4,3,2,858.0,3,892,1,0,4,5,0,0.0,5,0,0,0,59
10320,6,3,1,698.0,5,1403,1,1,3,7,0,1.0,2,0,0,0,44
4280,4,3,0,560.0,5,704,1,0,2,4,0,1.0,2,0,0,1,8
10800,5,3,2,1200.0,3,1200,3,0,3,5,0,0.0,5,120,0,1,21
10547,5,3,2,1152.0,3,1152,2,0,3,6,0,1.0,1,0,0,1,31
9780,5,3,1,585.0,3,1112,2,0,3,6,0,1.0,0,0,0,1,59
11625,5,3,1,1052.0,3,1052,1,1,3,6,1,1.0,2,0,215,1,42
8014,6,3,2,456.0,3,1034,1,0,3,5,1,2.0,2,0,0,1,31
15400,5,3,1,552.0,3,1774,2,0,3,8,1,1.0,2,290,40,1,48
15312,6,3,1,1138.0,5,1138,1,0,3,6,1,2.0,2,0,0,1,49
15584,5,3,1,825.0,5,2071,1,1,3,9,1,1.0,2,131,28,1,53
9000,2,3,4,0.0,2,660,1,0,2,5,0,0.0,5,0,0,1,59
15635,4,3,4,0.0,3,1383,1,0,3,6,0,2.0,2,0,0,1,55
9571,5,3,1,1073.0,3,1073,1,0,3,5,0,1.0,2,0,0,1,53
9350,6,3,1,747.0,5,1639,1,1,4,6,1,1.0,2,0,50,1,59
7440,5,3,2,1089.0,3,1089,1,0,3,5,1,1.0,2,328,0,1,55
4235,5,4,2,1049.0,3,1049,2,0,4,5,0,1.0,2,0,105,1,25
10778,7,4,2,1054.0,4,1061,1,1,4,4,0,2.0,2,114,36,1,18
19255,6,4,2,520.0,4,1338,1,1,4,5,1,2.0,2,0,0,1,26
10560,7,4,2,1079.0,5,1879,2,1,4,8,1,2.0,2,400,100,1,15
26400,5,4,4,0.0,5,2016,1,0,3,7,1,2.0,2,0,0,1,2
7018,5,3,4,0.0,3,2228,2,0,3,8,0,2.0,2,73,0,1,30
7018,5,3,4,0.0,3,1535,2,0,3,8,0,2.0,2,0,0,1,30
7040,5,3,2,1094.0,3,1229,0,2,4,6,2,2.0,2,120,0,1,30
7007,5,3,4,0.0,3,1513,2,0,3,8,0,2.0,2,0,0,1,30
11855,7,3,3,1168.0,5,2787,4,2,3,8,2,4.0,2,312,0,1,9
7939,7,3,3,1168.0,5,2787,4,2,3,8,2,4.0,2,312,0,1,9
7976,7,3,3,1168.0,5,2787,4,2,3,8,2,4.0,2,312,0,1,9
10933,9,5,3,1555.0,5,1680,1,1,5,8,1,3.0,2,185,24,1,0
10816,9,5,3,1720.0,5,1720,2,0,5,8,1,3.0,2,208,104,1,1
9178,8,4,2,1468.0,5,1468,2,0,4,6,1,3.0,2,192,142,1,1
11422,8,4,3,1838.0,5,1838,2,0,4,7,2,2.0,2,154,222,1,1
6762,7,4,2,1282.0,5,1290,2,0,4,6,1,2.0,2,168,0,1,2
10324,8,4,2,1254.0,5,1254,2,0,4,5,0,3.0,2,168,92,1,1
11645,8,4,3,1498.0,5,1498,2,0,4,7,1,3.0,2,144,98,1,3
11646,6,4,2,704.0,5,1422,2,1,4,7,1,2.0,2,36,28,1,3
16698,7,4,2,1449.0,4,1759,2,1,4,7,1,2.0,2,150,193,1,16
9757,5,3,1,990.0,5,990,1,0,3,5,0,1.0,2,66,0,1,15
14753,7,3,2,1463.0,5,1463,2,0,3,5,0,2.0,2,0,81,1,11
8750,6,3,2,928.0,5,1772,2,1,3,7,1,2.0,2,150,96,1,11
10739,7,4,2,1431.0,5,1444,2,0,4,6,0,2.0,2,144,40,1,8
11166,7,4,2,1492.0,5,1492,2,0,4,6,1,2.0,2,0,114,1,8
16269,5,3,2,907.0,3,907,1,0,3,5,0,1.0,2,72,0,1,31
6950,5,3,1,914.0,3,914,1,0,3,5,0,2.0,2,0,0,1,30
11664,7,4,2,1569.0,5,1611,2,0,4,6,0,3.0,2,262,93,1,7
12334,8,4,2,1068.0,5,2184,2,1,4,8,1,2.0,2,192,132,1,6
8749,7,4,2,840.0,5,1725,2,1,4,6,0,2.0,2,0,48,1,7
11250,7,4,2,944.0,5,1870,2,1,4,6,0,2.0,2,256,43,1,8
15750,8,4,2,1462.0,5,1513,2,0,4,5,1,2.0,2,135,34,1,9
12782,8,4,3,1822.0,5,1828,2,0,4,7,1,2.0,2,194,144,1,6
8750,7,4,2,1417.0,5,1417,2,0,4,7,1,2.0,2,60,0,1,11
10200,8,4,2,1578.0,5,1602,2,0,4,7,1,3.0,2,0,48,1,2
11069,6,4,2,608.0,5,1396,2,1,4,6,1,2.0,2,100,36,1,2
10682,4,3,1,1014.0,3,1149,1,0,3,7,0,1.0,2,0,240,1,38
3675,6,3,2,547.0,4,1072,1,0,3,5,0,2.0,2,0,28,0,3
6410,4,3,1,876.0,3,876,1,0,3,5,0,1.0,2,0,0,1,50
11767,5,3,0,1078.0,3,1368,1,0,3,6,0,1.0,2,0,41,1,59
10926,5,3,1,1678.0,3,1678,2,0,3,10,0,0.0,5,0,0,1,50
11767,5,3,1,1150.0,5,1560,1,0,3,7,1,1.0,2,0,0,1,53
8212,5,3,1,720.0,5,1298,1,0,3,6,2,1.0,2,84,0,1,59
6300,5,3,1,832.0,3,1268,1,1,3,7,2,1.0,2,0,0,0,59
5707,6,3,1,583.0,4,1242,1,1,3,6,1,1.0,2,329,96,1,59
8574,6,4,1,816.0,5,1232,1,0,4,6,1,2.0,2,0,0,1,9
7155,7,3,1,600.0,5,1228,1,0,3,6,1,1.0,2,0,113,1,19
13680,5,3,1,840.0,5,1567,1,1,3,6,2,2.0,2,0,21,1,59
14680,5,3,1,1273.0,5,1273,1,0,3,5,0,1.0,2,483,0,1,49
8145,7,3,1,920.0,5,2480,2,1,3,13,2,2.0,2,0,0,1,59
9100,5,3,1,1112.0,5,1112,1,0,3,6,1,1.0,2,0,0,1,55
13339,6,3,1,1561.0,3,1561,2,0,3,6,1,2.0,2,0,148,1,49
15600,5,3,1,1067.0,2,1523,2,0,2,7,1,1.0,2,0,0,1,4
17500,6,3,1,1310.0,5,1906,1,1,3,6,2,2.0,2,0,201,1,55
1733,6,3,1,516.0,3,1032,1,0,3,5,1,2.0,2,279,0,0,29
1488,6,3,2,561.0,3,1229,1,1,4,5,1,2.0,2,176,0,0,17
1612,6,3,2,561.0,3,1229,1,1,3,5,1,2.0,2,154,0,0,29
13607,6,3,1,572.0,4,1982,2,1,3,6,1,2.0,2,400,112,1,23
17597,7,4,2,1803.0,3,2365,2,0,5,7,2,2.0,2,200,144,1,0
8660,5,3,1,760.0,5,2168,2,0,4,11,0,2.0,2,467,160,0,16
10200,4,3,1,572.0,2,572,1,0,3,4,0,1.0,2,0,0,0,59
3843,8,5,3,1596.0,5,1648,2,0,5,5,1,2.0,2,162,53,0,1
21780,2,2,4,0.0,3,810,1,0,3,4,0,1.0,2,119,24,1,59
10125,8,4,2,1107.0,5,2052,2,1,4,7,1,3.0,2,210,91,1,8
9750,6,3,1,902.0,5,926,1,0,3,5,1,1.0,2,319,0,1,32
9360,6,3,2,957.0,3,1287,1,1,3,5,2,2.0,2,302,39,1,32
11070,5,3,2,1582.0,3,1595,2,0,3,5,0,2.0,2,0,0,1,18
13438,9,5,3,2190.0,5,2036,2,0,5,9,1,3.0,2,90,154,1,1
14463,9,5,3,1641.0,5,1641,2,0,5,7,0,3.0,2,0,95,1,1
9839,6,3,2,712.0,5,2237,2,1,4,7,1,2.0,2,305,24,1,3
14419,7,3,2,1645.0,5,1479,2,1,4,7,1,2.0,2,224,238,1,20
9157,7,4,2,912.0,5,2014,2,1,4,9,0,2.0,2,124,114,1,6
12633,9,5,3,1978.0,5,1978,2,0,5,7,1,3.0,2,308,52,1,2
12518,5,3,1,1008.0,4,1008,1,0,4,6,0,1.0,2,144,0,1,41
13383,5,3,1,1188.0,5,1404,2,0,3,7,1,2.0,2,0,16,1,9
7689,5,3,2,796.0,4,796,1,0,3,4,0,1.0,2,138,0,1,37
7706,6,3,2,384.0,5,1091,1,0,3,5,0,1.0,2,280,0,1,13
7669,5,3,2,828.0,3,883,1,0,3,5,1,2.0,2,100,32,1,16
10429,5,3,2,624.0,3,1287,1,1,3,6,0,2.0,2,150,0,1,17
10457,5,4,1,784.0,5,1632,1,1,3,7,1,2.0,2,0,173,1,40
8702,6,3,1,926.0,5,1604,2,1,3,7,1,2.0,2,0,36,1,10
8139,6,3,2,680.0,4,1470,2,1,3,7,1,2.0,2,192,49,1,12
9535,6,3,2,926.0,5,1604,2,1,3,7,0,2.0,2,100,82,1,10
15038,6,3,2,916.0,4,1636,2,1,3,7,1,2.0,2,168,84,1,12
14137,5,4,2,1348.0,4,1384,2,0,4,7,0,2.0,2,0,39,1,11
6264,8,4,3,1664.0,5,1682,1,1,4,6,1,2.0,2,0,0,1,11
5070,8,4,2,1280.0,5,1280,2,0,4,5,0,2.0,2,0,82,1,16
11184,6,3,2,932.0,4,1633,2,1,3,7,1,2.0,2,0,39,1,10
14067,6,3,2,836.0,4,1709,2,1,4,7,0,2.0,2,0,40,1,17
5950,8,4,2,1337.0,4,1337,2,0,4,5,1,2.0,2,0,73,1,19
13543,8,4,3,1168.0,5,2500,3,1,5,9,1,3.0,2,192,32,1,3
15401,9,5,3,1884.0,5,1884,2,0,5,7,1,3.0,2,214,76,1,4
31220,6,3,1,1632.0,3,1474,1,0,3,7,2,2.0,2,0,0,1,56
8118,9,5,3,1710.0,5,1710,2,0,5,6,1,2.0,2,156,48,1,1
47280,6,3,1,1488.0,4,1488,2,1,3,6,1,2.0,2,0,0,1,58
12680,7,4,2,1675.0,5,1688,2,0,5,6,1,2.0,2,0,48,1,20
10825,7,4,2,1260.0,3,1260,2,0,3,6,0,2.0,2,152,0,1,25
18559,7,4,2,2048.0,3,2064,2,0,4,7,2,2.0,2,200,0,1,30
14450,7,4,2,1782.0,3,1782,2,0,4,6,1,2.0,2,467,0,1,29
13068,6,3,2,1211.0,3,1211,2,0,4,6,1,2.0,2,0,0,1,32
10400,7,3,2,738.0,3,2044,2,1,3,7,1,2.0,2,28,73,1,20
9743,5,3,1,720.0,4,1308,1,1,3,7,0,2.0,2,0,0,1,39
12511,7,4,2,1420.0,5,2840,2,1,4,8,2,4.0,3,0,16,1,30
10400,6,3,1,1444.0,3,1444,2,0,3,5,1,2.0,2,0,24,1,32
14311,8,4,2,1236.0,5,2340,2,1,4,9,1,3.0,2,192,180,1,12
9000,5,3,2,896.0,3,1792,2,2,3,8,0,2.0,2,0,45,1,34
10295,4,3,2,936.0,3,936,1,0,3,4,0,1.0,2,16,0,1,39
7560,5,3,2,864.0,3,864,1,0,3,5,0,2.0,2,0,0,1,37
1680,6,3,1,483.0,3,987,1,1,3,5,0,1.0,2,52,0,0,35
1890,6,3,1,483.0,4,987,1,1,3,5,0,1.0,2,411,0,0,36
1680,5,3,1,630.0,3,1302,2,1,3,6,0,1.0,2,0,0,0,36
2308,6,3,2,855.0,4,1456,2,1,3,7,0,2.0,2,0,0,1,33
2529,7,3,2,1055.0,2,1055,2,0,3,4,0,2.0,2,0,38,1,31
12704,8,4,3,1582.0,5,1582,2,0,4,7,0,3.0,2,209,95,1,1
13693,8,4,3,2418.0,5,2464,2,1,5,9,1,3.0,2,358,78,1,1
14418,9,5,3,1950.0,5,1950,2,0,5,7,1,3.0,2,156,207,1,1
13418,9,4,3,1850.0,5,2748,2,1,5,9,1,3.0,2,212,182,1,2
12539,10,5,3,1620.0,5,2790,2,1,5,10,1,4.0,2,30,200,1,2
12151,9,4,3,1414.0,5,2331,2,1,5,9,1,3.0,2,192,63,1,3
8899,8,5,2,948.0,5,2088,2,1,4,10,1,3.0,2,100,24,1,1
10574,8,4,3,1148.0,5,2332,2,1,5,9,1,3.0,2,224,142,1,4
12720,10,5,3,2535.0,5,2470,1,1,5,7,2,3.0,2,154,65,1,5
10845,8,4,2,1603.0,5,1575,2,0,4,7,1,3.0,2,216,28,1,4
16900,8,4,3,1479.0,5,2649,2,1,4,10,1,3.0,2,0,60,1,6
16451,8,4,3,1765.0,5,2690,2,1,4,9,1,3.0,2,268,58,1,5
10110,9,5,2,1858.0,5,1866,2,0,5,7,1,3.0,2,0,48,1,0
12304,7,4,2,1367.0,5,1367,2,0,4,6,1,2.0,2,0,33,1,3
8232,9,5,3,1800.0,5,1800,2,0,5,6,1,3.0,2,210,0,1,0
6240,8,4,2,1342.0,5,1342,2,0,4,6,1,2.0,2,0,35,1,1
6240,8,4,2,1342.0,5,1342,2,0,4,6,1,2.0,2,0,35,1,1
2448,7,4,2,764.0,5,1626,2,1,4,6,0,2.0,2,0,27,1,4
3940,7,4,2,1415.0,5,1455,2,0,4,6,1,3.0,2,156,20,1,5
3940,7,4,2,1393.0,5,1576,2,0,4,7,1,3.0,2,143,20,0,4
3710,7,4,2,1146.0,5,1246,2,0,4,5,1,2.0,2,100,24,1,0
9024,6,4,2,789.0,5,1515,2,1,4,8,1,2.0,2,0,75,1,4
8010,7,4,2,840.0,5,1720,2,1,4,7,1,2.0,2,138,48,1,5
8396,7,4,2,847.0,5,1986,2,1,4,9,1,2.0,2,120,48,1,5
7301,7,4,2,1350.0,5,1358,2,0,4,6,1,2.0,2,192,26,1,0
8220,7,4,2,982.0,5,1892,2,1,3,8,1,2.0,2,108,0,1,7
7750,7,4,2,707.0,5,1414,2,1,4,6,1,2.0,2,100,35,1,6
12460,7,4,2,1037.0,5,2322,2,1,3,8,1,2.0,2,144,44,1,8
8390,7,3,2,831.0,5,1651,2,1,3,7,1,2.0,2,0,103,1,9
9660,8,4,2,1173.0,5,2199,2,1,4,9,1,2.0,2,0,131,1,11
11000,9,4,3,1519.0,5,2172,2,1,5,8,1,3.0,2,162,153,1,8
11675,8,4,2,1982.0,5,2006,2,0,4,5,1,3.0,2,144,33,1,10
10990,7,4,3,1064.0,5,2125,2,1,4,12,2,2.0,2,168,0,1,11
11929,8,4,2,1242.0,5,2501,2,1,4,9,1,3.0,2,192,87,1,13
10010,7,4,2,1080.0,5,2197,2,1,4,9,1,3.0,2,385,99,1,14
13253,7,4,3,1578.0,4,1578,2,0,4,7,1,3.0,2,0,26,1,2
9801,8,4,2,1341.0,5,1861,3,0,4,7,1,3.0,2,144,60,1,1
9428,8,4,2,955.0,5,1874,2,1,4,8,1,3.0,2,168,108,1,0
10037,8,4,3,1460.0,5,1460,2,0,4,6,1,2.0,2,0,20,1,1
8640,8,4,2,1363.0,5,1372,2,0,4,6,0,2.0,2,192,113,0,0
10625,8,4,2,1660.0,5,1660,2,0,4,7,1,3.0,2,133,120,0,1
7500,7,4,2,1218.0,5,1218,2,0,4,6,0,2.0,2,168,168,0,0
10110,6,4,2,835.0,5,1696,2,1,4,7,0,2.0,2,143,66,1,5
12774,7,4,2,835.0,5,1663,2,1,4,8,0,2.0,2,168,68,1,4
13072,6,3,2,1175.0,5,1175,1,0,4,6,0,0.0,5,0,90,1,2
9260,7,4,2,1162.0,5,1162,2,0,4,6,0,2.0,2,0,32,1,1
8453,6,4,2,754.0,5,1609,2,1,4,6,0,2.0,2,0,70,1,13
8480,6,4,2,886.0,5,1680,2,1,4,7,0,2.0,2,144,96,1,14
14565,7,4,2,832.0,5,1657,2,1,4,6,0,2.0,2,144,74,1,13
8450,6,4,2,827.0,5,1677,2,1,4,7,0,2.0,2,0,68,1,7
8285,7,4,2,836.0,4,1737,2,1,4,7,0,2.0,2,192,85,1,16
9100,5,3,1,984.0,3,984,1,0,3,5,1,1.0,2,145,56,1,45
8100,5,3,1,864.0,5,864,1,0,4,5,1,1.0,2,132,0,1,1
8450,5,3,1,890.0,4,890,1,0,3,5,0,1.0,2,0,0,1,40
6360,5,3,2,864.0,3,864,1,0,3,5,0,1.0,2,0,0,1,45
19508,6,3,1,1430.0,3,1430,2,0,3,6,2,2.0,2,117,108,1,34
10759,5,3,2,1001.0,3,1641,2,0,3,5,1,2.0,2,0,0,1,36
9205,6,4,2,930.0,5,2683,2,1,4,9,2,2.0,2,237,251,1,17
11025,9,4,2,1848.0,5,2786,2,1,4,10,1,2.0,2,294,49,1,14
3435,7,4,2,1235.0,5,1245,2,0,4,5,0,2.0,2,0,100,0,3
3180,6,4,2,600.0,5,1200,2,1,4,5,0,2.0,2,0,166,0,3
3180,7,4,2,689.0,5,1392,2,0,4,5,0,2.0,2,0,102,0,1
2280,6,3,2,744.0,4,1549,2,1,3,6,0,2.0,2,0,32,0,9
4765,9,4,2,1614.0,5,1638,2,0,5,5,1,2.0,2,230,68,0,8
4538,9,4,3,1310.0,5,1310,1,1,4,5,1,2.0,2,277,45,0,7
4385,9,4,3,1419.0,5,1419,1,1,5,5,1,2.0,2,155,58,0,7
4109,9,4,2,1557.0,5,1557,2,0,5,5,1,2.0,2,124,113,0,8
2160,7,4,2,672.0,5,1404,2,1,4,5,0,2.0,2,20,0,0,8
10646,7,3,1,858.0,5,1789,2,1,3,7,1,2.0,2,0,0,0,7
2645,8,4,2,960.0,5,1586,2,1,4,7,0,2.0,2,169,0,0,9
2645,8,4,2,960.0,5,1607,2,1,4,7,0,2.0,2,169,0,0,8
3951,10,5,2,970.0,5,2393,2,1,5,7,1,2.0,2,0,90,0,9
11064,8,4,2,1230.0,5,1239,1,1,4,4,1,2.0,2,172,24,1,13
24572,9,4,2,994.0,3,2944,2,2,4,9,1,3.0,2,140,70,1,31
16280,8,5,2,1426.0,5,1671,3,0,5,6,1,2.0,2,280,90,1,1
7500,7,4,2,952.0,5,1812,2,1,3,7,1,2.0,2,144,112,0,6
11104,6,3,1,1427.0,4,1427,2,0,3,7,0,2.0,2,0,0,1,39
11050,6,3,1,1740.0,2,1740,1,1,3,8,1,2.0,2,25,0,1,40
15387,7,3,1,1620.0,5,1620,2,0,4,8,1,2.0,2,0,62,1,41
9750,5,3,1,1625.0,5,1625,2,0,3,8,0,2.0,2,0,0,1,43
8814,5,3,1,732.0,5,1464,1,1,3,7,0,2.0,2,0,40,1,40
8125,5,4,1,912.0,5,925,1,0,3,5,0,2.0,2,233,0,1,3
11072,5,3,1,1728.0,3,1728,2,0,3,10,0,2.0,2,0,0,1,43
13355,7,3,2,825.0,3,1670,1,1,3,7,0,2.0,2,0,0,1,37
7785,5,3,4,0.0,3,1014,1,0,3,6,0,1.0,2,0,0,1,52
9900,5,3,1,1114.0,3,1114,1,0,3,5,0,2.0,2,0,0,1,47
11332,5,3,1,1118.0,5,1118,1,0,4,6,0,1.0,2,290,0,1,8
4882,4,3,1,348.0,3,906,1,0,3,5,0,1.0,2,0,0,1,58
9600,5,2,1,1296.0,3,1496,2,0,4,6,0,2.0,2,0,22,1,48
9600,5,3,1,572.0,4,1337,1,0,4,7,1,1.0,2,0,192,1,2
7584,5,3,1,1036.0,5,1036,1,0,3,5,0,1.0,2,120,24,1,55
14670,6,4,1,1104.0,5,1988,2,1,4,9,1,2.0,2,0,230,1,9
8856,5,3,1,1176.0,3,1176,1,0,3,6,2,1.0,2,0,88,1,51
9840,5,3,1,1248.0,3,1440,2,0,4,7,0,1.0,2,150,0,1,10
13200,6,3,1,1395.0,5,1570,1,0,3,5,1,2.0,2,490,0,1,50
10425,5,3,1,1104.0,4,1104,1,0,3,5,0,1.0,2,0,0,1,50
11556,5,3,1,720.0,5,882,1,0,4,4,0,1.0,2,0,0,1,56
9373,5,3,1,1152.0,3,1152,1,1,3,6,0,2.0,2,0,0,1,55
12774,5,3,1,984.0,3,950,1,0,3,5,0,2.0,2,0,32,1,55
14250,6,3,1,998.0,3,1790,2,0,3,6,2,2.0,2,0,40,1,51
8838,5,3,4,0.0,4,1764,2,1,3,7,1,1.0,2,0,72,1,26
12436,5,3,1,1824.0,2,1824,2,0,3,9,0,2.0,2,0,0,1,51
10122,4,3,4,0.0,3,869,1,0,3,3,0,1.0,2,0,0,1,58
7506,5,3,1,747.0,3,1159,1,0,3,5,0,1.0,2,84,0,1,58
5400,4,4,1,672.0,4,672,1,0,3,4,0,1.0,2,88,108,1,3
10836,5,3,1,892.0,5,1436,1,0,3,7,1,4.0,2,0,0,1,58
10180,5,3,1,912.0,3,1044,1,1,3,5,1,2.0,2,200,48,1,40
11355,7,3,1,1312.0,5,1312,1,1,3,6,1,2.0,2,0,304,1,7
12929,6,3,1,1081.0,3,1081,1,0,3,5,0,1.0,2,36,82,1,15
7200,5,3,0,876.0,3,876,1,0,3,5,1,2.0,2,0,0,1,57
8000,5,3,1,1256.0,4,1256,1,1,4,6,0,1.0,2,0,240,1,49
8000,5,3,1,1027.0,3,1027,1,0,3,6,0,1.0,2,0,0,1,46
8064,6,3,1,768.0,5,1320,2,0,3,5,0,2.0,2,108,0,1,58
6390,6,3,1,936.0,3,984,1,0,3,4,0,1.0,2,0,0,1,54
7200,6,3,1,854.0,2,1278,1,0,3,6,0,1.0,2,0,0,1,54
8513,5,3,1,1800.0,3,1800,2,0,3,10,0,0.0,5,0,0,1,47
7200,5,3,1,768.0,4,1588,1,1,3,6,0,2.0,2,0,0,1,41
7200,5,3,1,825.0,3,825,1,0,3,4,0,1.0,2,0,0,1,54
7590,5,3,1,1117.0,5,1117,1,0,3,6,0,1.0,2,0,0,1,45
9836,6,3,1,192.0,4,1133,1,0,3,7,0,1.0,2,0,175,0,0
9184,5,3,1,780.0,5,1323,1,0,3,6,0,2.0,2,0,0,0,3
4800,5,3,1,680.0,2,1360,1,0,3,6,0,1.0,2,192,50,0,5
4800,5,3,0,672.0,3,672,1,0,3,4,0,1.0,2,0,0,0,58
6000,6,4,1,728.0,4,1456,1,1,4,7,0,1.0,1,0,0,0,3
11426,4,3,1,828.0,4,1594,2,0,3,9,0,0.0,5,0,172,0,12
7628,4,3,1,801.0,4,1656,2,0,3,8,0,2.0,2,187,0,0,23
7308,5,2,1,936.0,4,1740,1,0,5,6,1,1.0,1,0,0,0,58
5400,7,4,1,931.0,3,1027,1,0,4,5,1,0.0,5,0,28,0,2
10800,6,3,1,884.0,3,1436,2,0,3,8,2,2.0,2,0,0,0,58
6756,5,3,1,481.0,3,899,1,0,3,5,0,1.0,2,0,0,0,58
5914,5,3,0,684.0,4,1080,1,0,4,5,0,0.0,5,0,165,0,12
9000,5,3,1,904.0,5,1499,1,0,3,5,1,3.0,3,0,20,0,58
7311,2,3,1,407.0,3,407,1,0,3,3,0,1.0,2,76,0,0,58
12205,3,3,0,448.0,4,1588,2,0,3,6,0,0.0,5,0,0,0,16
9142,5,3,0,797.0,3,1627,2,0,3,10,0,2.0,0,192,0,0,2
5350,7,3,1,624.0,5,1450,1,0,3,7,0,1.0,2,0,192,0,43
9143,5,3,1,346.0,5,1017,1,0,3,5,0,1.0,2,0,0,0,5
9600,5,3,1,973.0,3,2350,2,0,3,10,0,2.0,2,0,0,0,48
6000,5,4,0,572.0,5,1540,1,1,4,7,0,0.0,5,240,77,0,3
11340,2,2,0,723.0,3,1086,1,0,3,5,0,2.0,0,0,24,0,58
10800,7,3,1,1313.0,4,2495,2,0,3,10,1,2.0,1,0,299,0,9
9750,5,3,1,984.0,4,984,1,0,2,5,0,1.0,2,0,0,0,49
8516,4,3,1,869.0,3,1093,1,0,3,5,0,1.0,2,0,0,0,2
7111,5,4,1,1008.0,3,1143,1,0,3,5,1,1.0,2,265,0,1,25
7425,7,3,1,672.0,4,1668,1,1,4,8,0,1.0,2,210,0,0,58
7010,5,3,1,1024.0,3,1738,2,0,3,6,1,1.0,2,0,30,1,58
5000,5,3,1,672.0,5,1210,1,0,4,6,0,1.0,2,0,0,0,2
5870,6,3,1,554.0,5,1290,1,1,3,6,0,1.0,2,38,112,0,8
6000,6,3,1,981.0,5,1672,1,1,4,6,1,1.0,2,0,11,0,19
6000,5,3,1,949.0,5,949,1,0,3,5,1,2.0,2,0,0,0,5
6000,6,3,1,825.0,5,1497,2,0,3,5,0,1.0,2,272,0,0,8
6000,6,3,1,739.0,5,1342,2,0,3,7,1,1.0,2,0,0,0,58
5000,6,3,1,992.0,5,1013,1,0,3,6,0,1.0,2,0,0,0,58
5520,5,3,1,565.0,3,1216,1,0,3,6,1,1.0,2,0,0,0,11
5940,4,3,4,988.0,3,896,1,0,3,4,0,1.0,2,0,0,0,58
6240,4,3,1,704.0,5,1136,1,0,3,6,0,1.0,2,0,365,0,58
6120,5,3,4,0.0,4,808,1,0,3,6,0,1.0,2,0,48,0,13
6240,7,3,1,989.0,3,2009,2,0,3,7,1,2.0,2,0,20,0,58
6120,5,3,1,1100.0,3,1902,2,0,3,7,0,2.0,2,0,139,0,58
9144,6,3,1,810.0,5,1716,2,0,4,8,0,2.0,2,0,195,1,4
8094,6,3,1,1242.0,4,1984,2,0,3,8,0,1.0,2,64,0,0,25
4347,6,4,2,796.0,5,1609,1,0,3,7,0,1.0,1,0,182,0,58
6291,6,4,1,768.0,3,768,1,0,3,4,0,2.0,2,0,0,0,58
10266,6,3,1,768.0,3,1536,1,1,3,7,0,1.0,2,0,216,0,56
6876,6,3,1,1272.0,3,1969,2,0,3,9,1,2.0,2,0,34,0,50
10320,5,3,1,880.0,4,1308,2,0,3,6,0,2.0,1,0,0,0,30
7200,6,3,1,1040.0,4,1040,1,0,3,5,0,2.0,2,0,132,0,16
7006,6,3,1,768.0,3,1236,2,0,3,6,1,1.0,2,0,0,0,58
10320,5,3,0,451.0,3,759,1,0,3,5,0,2.0,2,40,0,0,17
10320,3,2,1,536.0,5,1344,2,0,3,8,0,0.0,5,42,0,0,58
9488,5,4,1,1046.0,4,1054,1,0,3,6,0,1.0,2,0,60,1,15
11235,5,3,2,981.0,3,1075,1,0,4,6,0,2.0,2,64,0,1,45
13014,6,3,1,1008.0,3,1096,1,0,3,6,1,2.0,2,168,0,1,30
10265,5,3,1,992.0,5,992,1,0,4,6,0,1.0,2,204,0,1,3
7703,6,3,2,450.0,5,1034,1,0,3,6,1,2.0,2,311,0,1,30
9981,5,3,1,1073.0,4,1073,1,0,3,6,0,1.0,2,0,90,1,41
7400,5,3,2,1060.0,3,1126,1,0,3,5,0,2.0,2,178,0,1,24
12900,5,3,1,1300.0,2,1140,1,0,3,6,0,2.0,2,0,0,1,58
9239,5,3,1,960.0,5,960,1,0,4,6,0,1.0,2,168,0,1,5
14175,6,3,1,988.0,3,1188,1,0,3,4,1,2.0,2,102,89,1,52
10532,5,3,1,988.0,4,1721,2,0,3,7,2,2.0,2,50,84,1,48
8375,5,3,1,576.0,4,1350,1,1,4,6,0,3.0,2,0,0,1,35
10200,5,3,2,864.0,5,904,1,0,4,5,0,3.0,2,143,0,1,38
20270,7,3,2,1524.0,3,1524,2,0,3,7,2,2.0,2,140,0,1,29
5190,7,3,1,570.0,3,1079,1,0,3,5,1,1.0,2,135,0,1,58
19550,5,3,1,1580.0,5,1518,1,0,2,5,2,0.0,5,0,39,1,1
9571,5,3,1,1509.0,3,1509,1,0,4,6,1,1.0,2,158,0,1,52
9350,5,3,2,864.0,2,864,1,0,3,4,0,0.0,5,0,0,1,33
9360,6,4,1,621.0,3,1269,1,1,3,7,0,1.0,2,0,236,1,7
9771,6,4,2,1077.0,5,2814,2,1,4,9,1,2.0,2,48,32,1,6
9938,7,4,2,1602.0,5,1626,2,1,4,7,1,2.0,2,424,40,1,14
14171,7,4,2,812.0,5,2200,2,1,4,9,1,2.0,2,168,98,1,14
10541,7,4,2,672.0,5,2037,2,1,4,8,1,2.0,2,100,33,1,12
10616,7,4,2,628.0,5,1356,2,1,4,6,1,2.0,2,100,24,1,1
9345,8,4,2,1615.0,5,1615,2,0,4,7,1,3.0,2,168,30,1,1
11778,9,4,2,2271.0,5,2276,2,0,5,7,2,3.0,2,0,0,1,0
11778,9,5,3,1751.0,5,1766,2,1,5,8,2,3.0,2,216,36,1,0
11454,8,4,2,1401.0,5,1511,2,0,4,6,1,3.0,2,168,42,1,13
11500,6,3,2,1182.0,5,1643,2,0,3,6,1,2.0,2,339,0,1,42
9750,5,3,2,990.0,5,990,1,0,3,5,0,2.0,2,168,0,1,14
8696,7,3,2,1418.0,5,1418,2,0,4,5,1,2.0,2,208,110,1,10
13142,6,3,2,864.0,5,1771,2,1,4,6,0,2.0,2,0,96,1,11
8998,7,4,2,782.0,5,1652,2,1,4,6,0,2.0,2,0,70,1,8
12192,7,4,2,928.0,5,1823,2,1,4,6,0,2.0,2,192,36,1,7
12250,5,3,2,864.0,5,1174,1,0,3,5,0,2.0,2,211,0,1,30
9216,5,3,1,1076.0,3,1076,1,1,3,5,1,2.0,2,0,0,1,33
14330,5,3,1,864.0,3,1558,2,0,3,5,0,2.0,2,140,0,1,7
10400,7,4,2,1257.0,5,2161,2,1,4,8,1,2.0,2,0,84,1,7
9720,9,4,2,1357.0,5,1947,2,1,4,7,1,3.0,2,168,116,1,6
14860,8,4,3,1778.0,5,1786,2,0,4,6,1,3.0,2,182,35,1,5
10905,7,4,2,1129.0,5,2327,2,1,4,9,1,2.0,2,0,57,1,5
11690,8,4,2,850.0,5,1764,2,1,4,7,1,2.0,2,120,29,1,8
4426,6,4,2,848.0,5,848,1,0,4,3,0,2.0,2,140,0,0,4
10126,6,3,2,1838.0,5,1838,2,0,3,8,0,3.0,2,160,67,0,10
9750,7,4,2,1445.0,5,1445,2,0,4,6,0,2.0,2,0,35,1,4
11058,7,4,2,1564.0,5,1564,2,0,4,6,0,3.0,2,0,24,1,1
9627,7,4,2,1351.0,5,1361,2,0,4,6,0,2.0,2,0,50,1,1
9825,5,3,1,1092.0,3,1092,1,0,3,6,0,1.0,2,259,0,1,42
12102,5,3,2,456.0,5,1033,1,0,3,6,0,2.0,2,224,0,1,32
6500,6,3,1,1127.0,3,1127,1,1,3,6,1,2.0,2,0,0,1,32
9638,6,3,1,1029.0,3,1117,1,0,3,6,1,2.0,2,292,0,1,31
7200,6,3,1,684.0,3,1398,1,1,3,6,1,2.0,2,0,0,1,7
47007,5,3,4,0.0,3,3820,3,1,5,11,2,2.0,2,0,372,1,12
6012,4,3,4,0.0,3,1152,2,0,3,6,0,0.0,5,0,0,1,53
6845,4,3,4,0.0,3,1152,2,0,3,6,0,0.0,5,0,0,1,53
6931,4,3,1,784.0,3,784,1,0,3,4,0,0.0,5,112,0,1,53
12180,5,3,1,585.0,4,1053,1,1,5,5,0,0.0,5,42,0,1,1
8050,5,3,4,0.0,4,1137,1,1,3,8,0,0.0,5,0,0,1,15
9520,4,3,2,911.0,3,930,1,0,3,5,0,1.0,2,134,0,1,55
7692,4,3,3,416.0,4,1204,1,0,3,6,0,1.0,2,0,0,1,54
5142,4,3,1,949.0,3,1292,1,1,4,6,0,1.0,2,0,0,1,0
7290,7,3,1,1228.0,5,1424,2,0,3,7,1,1.0,2,0,0,1,58
7804,6,3,1,960.0,5,1920,2,2,3,10,2,2.0,2,248,0,1,58
8969,6,3,1,644.0,5,1316,1,0,3,6,1,1.0,2,0,0,1,58
15564,6,3,2,676.0,5,1264,1,0,3,6,0,2.0,2,424,0,1,13
7609,8,4,0,798.0,5,1512,2,0,4,7,1,1.0,2,85,16,1,11
9650,6,3,1,784.0,3,1603,1,0,3,7,1,2.0,2,0,217,1,58
11700,5,3,1,942.0,5,1938,2,0,4,7,1,1.0,2,0,40,1,13
9260,5,3,1,884.0,3,1374,1,0,3,6,0,1.0,2,64,0,1,58
7801,6,3,1,1091.0,2,1091,1,0,3,5,1,1.0,2,66,105,1,57
9670,8,3,1,608.0,3,1873,1,1,3,9,2,2.0,2,0,0,1,58
12392,7,3,1,832.0,5,2161,2,1,4,8,2,2.0,2,0,96,1,8
26073,5,3,1,1898.0,5,1898,2,1,3,7,2,2.0,2,0,51,1,52
1879,6,3,2,516.0,3,1032,1,0,3,5,1,2.0,2,213,0,0,28
7000,6,3,1,894.0,3,919,1,0,3,5,0,1.0,2,0,0,0,10
6000,6,3,0,720.0,4,1090,1,0,3,5,0,1.0,2,0,0,0,2
8155,5,3,2,780.0,4,1200,1,0,3,7,0,0.0,5,0,0,0,58
6000,5,2,2,624.0,5,1656,1,1,3,7,1,1.0,2,0,180,0,41
7392,5,3,1,520.0,3,912,1,0,3,5,0,1.0,2,0,90,0,13
9000,5,3,1,1151.0,4,1955,2,0,3,7,0,1.0,2,0,0,0,50
14584,1,2,4,0.0,1,733,1,0,2,4,0,2.0,0,0,0,1,56
5280,4,3,4,173.0,5,1361,1,0,3,6,0,1.0,2,0,123,0,58
5150,4,3,4,356.0,3,1049,1,0,3,5,0,1.0,1,0,0,0,8
9000,4,3,0,592.0,5,864,1,1,2,5,0,1.0,1,0,30,0,58
3843,8,5,3,1596.0,5,1648,2,0,5,5,1,2.0,2,162,53,0,0
3811,7,4,3,1594.0,5,1646,2,0,5,5,1,2.0,2,128,53,0,3
23730,7,4,3,1840.0,5,2032,3,0,4,7,0,3.0,2,0,46,1,11
11050,7,3,2,910.0,5,1820,2,1,4,8,1,3.0,2,318,32,1,11
10260,5,3,4,0.0,3,1872,2,2,3,8,0,2.0,2,0,0,1,32
9990,4,3,2,1680.0,4,1689,2,0,3,6,1,2.0,2,428,120,1,17
4084,7,4,2,1277.0,4,1501,2,0,4,6,1,2.0,2,240,0,1,22
11563,8,4,3,1518.0,5,1537,2,0,4,8,0,3.0,2,0,26,1,1
12852,8,4,2,920.0,5,1780,2,1,4,6,1,2.0,2,0,192,1,1
9802,5,3,2,352.0,4,1442,2,1,3,6,0,2.0,2,100,0,1,1
12018,7,4,2,796.0,5,1612,2,1,4,6,0,3.0,2,0,64,1,0
12890,6,3,2,1495.0,5,1495,2,0,3,8,1,2.0,2,252,0,1,19
18265,6,4,2,1256.0,5,1256,2,0,4,6,1,2.0,2,282,0,1,22
11202,8,4,3,1432.0,5,1440,2,0,4,7,1,2.0,2,185,95,1,5
7915,6,4,3,1666.0,5,1675,2,0,4,6,0,2.0,2,165,52,1,8
11449,8,4,2,1884.0,5,1728,2,0,4,7,1,2.0,2,0,276,1,1
11447,8,4,3,1964.0,5,1964,2,1,4,7,1,3.0,2,0,265,1,2
8940,7,3,2,1344.0,5,1344,2,0,3,8,0,4.0,2,0,0,0,10
9278,5,3,2,1092.0,5,1092,1,0,3,5,0,0.0,5,0,52,1,0
4500,6,3,3,1189.0,5,1189,2,0,3,4,0,2.0,2,0,122,0,11
14137,4,3,2,1200.0,4,1200,1,0,3,6,0,3.0,2,0,119,1,44
4224,5,3,2,1040.0,4,1040,1,0,3,6,0,2.0,2,0,100,0,33
2665,5,3,2,550.0,3,1475,2,0,3,6,1,1.0,2,92,26,0,32
1974,4,3,2,526.0,4,988,1,0,3,5,0,1.0,2,120,101,0,2
1596,4,3,2,462.0,3,988,1,0,3,4,1,1.0,2,0,101,0,35
17979,5,3,1,1113.0,5,1160,1,0,4,6,0,1.0,2,81,0,1,40
1477,6,3,1,546.0,5,1092,2,1,3,6,0,0.0,5,187,0,0,1
6490,5,3,1,816.0,5,816,1,0,3,4,0,1.0,2,315,0,1,25
6600,5,3,1,845.0,4,845,1,0,4,6,0,1.0,2,0,0,1,3
12395,5,3,1,864.0,3,889,1,0,3,6,0,2.0,2,0,0,1,24
56600,5,3,1,686.0,5,1836,2,0,3,7,0,1.0,1,0,0,1,58
10667,6,3,1,1587.0,3,1587,2,0,3,7,1,2.0,2,0,44,1,36
8872,6,3,2,384.0,4,1384,2,1,3,7,1,2.0,2,0,0,1,10
10147,6,3,2,392.0,4,1694,2,1,3,7,1,2.0,2,256,64,1,13
8637,6,3,2,923.0,4,1714,2,1,3,7,1,2.0,2,256,48,1,7
7875,7,4,2,691.0,4,1553,2,1,4,6,0,2.0,2,0,44,1,11
7500,6,3,2,938.0,5,2299,3,1,3,7,1,2.0,2,188,30,1,4
9556,7,3,2,1168.0,4,1187,2,0,4,6,0,2.0,2,0,21,1,14
7655,6,3,2,903.0,4,1642,2,1,3,7,1,2.0,2,290,84,1,13
18160,6,3,1,1302.0,2,1128,1,0,3,6,1,2.0,2,0,108,1,43
4740,8,4,2,1166.0,4,1179,2,0,3,5,0,2.0,2,0,108,1,19
5118,8,4,2,1312.0,4,1321,1,0,4,4,1,2.0,2,0,64,1,17
12328,8,4,3,1149.0,5,2541,3,1,5,10,1,3.0,2,120,32,1,2
51974,9,5,3,2660.0,5,2338,2,1,4,8,2,3.0,2,0,135,1,0
41600,5,3,2,1100.0,3,1424,1,1,3,7,0,3.0,2,144,0,1,17
8035,9,4,3,1612.0,5,1612,2,0,5,6,1,2.0,2,0,164,1,1
14082,8,4,3,2220.0,5,2234,1,1,4,7,1,2.0,2,390,80,1,1
13870,10,5,3,1742.0,5,2042,2,0,5,8,1,3.0,2,240,52,1,0
10960,6,3,2,1284.0,3,1284,2,0,3,5,0,2.0,2,0,0,1,23
12090,7,4,2,725.0,5,1479,2,1,4,6,1,2.0,2,167,72,1,4
12299,7,3,2,1529.0,3,1664,2,0,4,7,1,2.0,2,0,0,1,22
11339,7,3,2,780.0,3,1930,2,1,4,9,1,2.0,2,192,72,1,28
11850,6,3,2,1153.0,3,1177,2,0,4,6,0,2.0,2,204,103,1,23
10400,6,3,2,1259.0,5,1353,2,0,3,5,1,2.0,2,240,141,1,8
13001,6,3,1,1625.0,3,1220,2,0,3,6,1,2.0,2,0,0,1,36
8991,7,3,2,1228.0,3,1324,2,0,4,5,1,2.0,2,407,36,1,31
8000,6,3,1,1084.0,3,1877,2,1,3,8,1,2.0,2,0,96,1,33
9457,5,3,1,925.0,3,1422,1,0,3,7,0,2.0,2,252,0,1,17
7920,5,3,1,914.0,5,914,1,0,5,5,0,1.0,3,120,0,1,5
17199,4,3,1,914.0,5,914,1,0,3,4,0,1.0,2,140,0,1,46
4113,6,4,2,1337.0,5,1337,2,0,4,5,1,2.0,2,136,68,0,6
10943,6,4,2,1405.0,5,1337,2,0,4,5,1,2.0,2,0,68,0,9
2205,6,3,1,525.0,3,1092,1,1,3,6,0,1.0,2,144,0,0,34
2058,6,3,1,672.0,5,1218,1,1,5,7,0,1.0,2,0,28,0,34
2304,7,3,2,1061.0,3,1055,2,0,3,4,0,1.0,2,108,32,1,29
7150,5,3,1,988.0,3,988,1,0,3,5,0,1.0,2,0,0,1,41
12469,9,5,3,1790.0,5,1816,2,0,5,7,1,3.0,2,186,36,1,0
11825,8,4,3,1694.0,5,1694,2,0,4,7,1,3.0,2,0,112,1,0
14333,8,4,2,2108.0,5,2122,2,1,4,7,1,3.0,2,130,142,1,0
13641,9,5,3,1934.0,5,2656,2,1,5,8,1,3.0,2,268,58,1,0
13440,8,4,3,1108.0,5,2550,2,1,5,11,1,3.0,2,120,39,1,0
15431,10,5,3,1994.0,5,2046,2,1,5,7,2,3.0,2,188,65,1,1
13891,9,5,3,2552.0,5,2552,2,0,5,8,2,3.0,2,130,28,1,0
13654,9,4,3,1704.0,5,2758,2,1,5,9,1,3.0,2,282,55,1,1
17169,10,5,3,2320.0,5,2290,2,1,5,7,1,3.0,2,192,30,1,0
16659,8,4,2,1582.0,5,2152,2,1,4,7,1,2.0,2,0,368,1,-1
9709,8,5,3,918.0,5,2100,2,1,5,8,2,3.0,2,172,104,1,0
13615,9,5,3,1802.0,5,1802,2,1,5,7,1,3.0,2,158,105,1,1
13069,8,4,2,1706.0,5,2956,2,1,5,11,1,3.0,2,194,50,1,3
14277,8,4,3,1317.0,5,2385,2,1,4,7,1,3.0,2,192,228,1,4
12568,8,4,3,895.0,5,1818,2,1,5,8,1,3.0,2,196,104,1,0
9926,7,4,2,1614.0,5,1614,2,0,4,7,0,3.0,2,100,38,1,1
9254,8,4,2,1721.0,5,1721,2,0,4,7,0,2.0,2,168,27,1,2
10732,8,4,2,1298.0,5,1828,2,1,4,7,0,3.0,2,0,40,1,0
3901,6,4,2,1302.0,5,1302,1,1,4,5,1,2.0,2,110,50,1,1
3903,6,4,2,1302.0,5,1302,1,1,4,5,1,2.0,2,110,50,1,1
6289,6,4,2,1362.0,5,1362,2,0,4,6,1,2.0,2,192,28,1,1
4590,8,4,2,1554.0,5,1554,2,0,4,6,1,2.0,2,156,73,1,1
7841,9,5,3,1577.0,5,1577,2,0,5,6,1,2.0,2,203,39,1,2
6240,8,4,2,1324.0,5,1324,2,0,4,6,1,2.0,2,0,38,1,1
3242,7,4,2,1405.0,5,1405,2,0,4,6,1,2.0,2,136,36,1,4
15810,6,4,2,768.0,5,1496,3,0,4,7,0,2.0,2,100,0,1,0
10237,6,4,2,768.0,5,1536,2,1,4,6,1,2.0,2,100,38,1,1
13204,7,3,2,608.0,5,1458,2,0,4,6,0,2.0,2,100,33,1,0
8857,6,4,2,738.0,5,1495,2,1,4,7,1,2.0,2,100,30,1,1
9729,6,4,2,698.0,5,1746,2,1,4,6,1,3.0,2,0,34,1,0
12216,6,3,2,1326.0,5,1326,2,0,4,6,0,2.0,2,120,23,1,2
8229,6,4,2,752.0,5,1504,2,1,4,6,0,2.0,2,100,32,1,0
7713,7,4,2,728.0,5,1456,2,1,4,7,0,2.0,2,100,24,1,0
7697,7,4,2,1246.0,5,1258,2,0,4,6,0,2.0,2,0,0,1,0
3621,8,4,2,1406.0,5,1589,2,0,4,7,1,3.0,2,143,20,1,4
3710,7,4,2,1266.0,5,1266,2,0,4,6,1,2.0,2,100,16,1,0
16219,7,4,2,835.0,5,1119,2,0,4,5,0,2.0,2,100,24,1,2
11084,7,4,2,384.0,5,1374,2,1,4,8,1,2.0,2,100,0,1,3
10936,7,4,2,1510.0,5,1525,2,1,4,6,1,2.0,2,100,18,1,1
11950,7,4,2,384.0,5,1394,2,1,4,7,1,2.0,2,100,0,1,4
7875,7,4,2,847.0,5,1948,2,1,4,8,1,2.0,2,0,48,1,4
8740,7,4,2,854.0,5,1995,2,1,4,8,1,2.0,2,264,48,1,5
9487,6,3,2,915.0,5,1690,2,1,3,7,1,2.0,2,0,50,1,7
9649,6,3,2,941.0,5,1644,2,1,3,7,1,2.0,2,460,42,1,7
12191,8,4,2,1779.0,5,2551,2,1,4,8,2,3.0,2,76,61,1,9
10557,9,4,3,1408.0,5,3078,2,1,4,9,1,3.0,2,108,87,1,9
11002,8,4,2,1389.0,5,2582,2,1,4,9,1,3.0,2,286,60,1,8
10790,7,4,2,1066.0,5,2385,2,1,4,8,1,3.0,2,120,38,1,9
11762,8,4,3,1105.0,5,2202,2,1,4,9,1,2.0,2,0,65,1,14
9044,8,4,2,1325.0,5,2538,2,1,4,8,1,3.0,2,198,92,1,10
9910,7,4,2,1369.0,5,1369,2,0,4,5,0,2.0,2,0,203,1,0
11830,8,4,2,1542.0,5,1542,2,0,4,6,1,3.0,2,168,110,1,0
10612,8,4,2,1524.0,4,1534,2,0,4,7,1,2.0,2,168,46,1,1
12291,10,5,3,1966.0,5,1966,2,0,5,6,1,3.0,2,76,52,1,0
9965,7,4,2,1528.0,5,1528,3,2,4,6,1,2.0,2,0,228,1,0
8847,8,4,2,1538.0,5,1538,2,0,4,7,0,2.0,2,146,40,1,2
8251,7,4,2,1494.0,5,1506,2,0,4,7,1,2.0,2,192,35,1,1
9605,7,4,2,982.0,5,1977,2,1,4,7,0,3.0,2,240,53,1,1
8778,8,4,2,1302.0,5,1830,2,1,4,7,0,3.0,2,0,40,1,1
8640,8,4,2,1338.0,5,1338,2,0,4,6,0,2.0,2,0,141,0,0
9000,7,4,2,1335.0,5,1335,2,0,4,6,0,2.0,2,0,210,0,0
8640,8,4,2,896.0,5,1792,2,1,4,8,0,2.0,2,184,96,0,0
10411,5,4,2,725.0,5,1588,3,0,4,8,0,2.0,2,0,0,0,0
12217,8,4,3,955.0,5,1880,2,1,5,8,1,3.0,2,168,127,0,0
10440,8,5,2,1574.0,5,1584,2,0,5,6,1,2.0,2,0,256,0,0
11824,8,4,2,1685.0,5,1685,2,0,4,5,1,3.0,2,112,63,0,1
10625,6,4,2,1158.0,5,2443,2,1,4,9,1,3.0,2,193,127,0,3
7500,6,3,2,1100.0,5,1100,1,1,3,6,0,0.0,5,0,136,1,0
7500,7,4,2,1143.0,5,1143,1,1,4,5,0,0.0,5,0,55,1,1
12450,5,4,2,1094.0,5,1094,1,0,4,6,0,2.0,2,0,0,1,3
7441,7,4,2,1461.0,5,1486,2,0,4,7,0,2.0,2,0,32,1,1
11613,6,4,2,864.0,5,1820,2,1,4,7,0,2.0,2,144,85,1,10
8012,6,3,1,630.0,5,1266,1,1,3,5,2,1.0,2,340,0,1,27
6285,5,3,2,894.0,3,894,1,0,3,5,0,1.0,2,192,0,1,30
7476,5,3,1,1040.0,3,1040,1,1,3,5,0,2.0,2,188,0,1,39
19522,7,4,2,1223.0,4,2503,2,1,4,7,1,2.0,2,0,99,1,17
10751,5,3,0,1037.0,3,1037,1,0,3,5,0,2.0,2,136,47,1,33
12712,6,3,2,1044.0,3,1055,1,0,4,5,1,2.0,2,455,0,1,1
4379,8,4,2,1378.0,5,1378,2,0,4,6,1,2.0,2,160,56,0,3
3523,8,4,2,1141.0,5,1151,2,0,4,5,0,2.0,2,0,60,0,0
3784,8,4,2,1511.0,5,1565,2,0,4,5,0,2.0,2,0,120,0,0
3606,7,4,3,1352.0,5,1352,2,0,4,5,1,2.0,2,0,241,0,0
5330,8,4,2,1550.0,5,1550,2,1,4,5,0,2.0,2,0,102,0,0
2280,6,3,2,744.0,4,1501,2,1,3,6,1,2.0,2,0,0,0,8
2117,6,4,2,756.0,5,1573,2,1,4,4,0,2.0,2,0,32,0,7
7321,7,4,2,1339.0,5,1358,2,0,4,5,0,2.0,2,176,174,0,7
8010,8,4,3,1054.0,5,2048,2,1,4,8,2,2.0,2,0,48,0,3
8413,8,4,3,1220.0,5,2362,2,1,4,8,2,2.0,2,147,0,0,9
9466,8,4,2,1494.0,5,1494,1,1,4,5,1,2.0,2,0,30,1,12
12000,7,4,2,2002.0,5,2362,2,1,4,8,1,2.0,2,180,16,1,27
17778,8,4,2,2461.0,4,2497,2,0,4,7,2,2.0,2,266,0,1,26
11700,6,3,1,912.0,5,1152,1,1,3,7,0,2.0,2,0,126,1,39
8000,6,3,1,1008.0,3,2411,2,1,3,8,1,2.0,2,0,192,1,37
8723,6,3,2,973.0,5,1082,1,0,3,6,0,2.0,2,160,0,1,38
11700,6,3,2,1295.0,2,1295,1,1,3,6,0,2.0,2,0,194,1,39
11358,7,3,1,1124.0,3,1610,2,0,4,8,1,2.0,2,202,0,1,20
9547,7,3,2,1594.0,5,1594,2,0,4,6,1,2.0,2,190,80,1,14
10530,7,4,2,1148.0,5,2075,2,1,4,8,1,2.0,2,235,86,1,14
10738,6,3,1,1093.0,4,1093,2,0,3,6,1,2.0,2,224,0,1,41
10800,6,3,1,1052.0,3,1052,1,0,3,6,0,1.0,2,0,133,1,44
8050,5,3,1,949.0,3,1107,1,0,4,5,0,1.0,2,88,64,1,14
10899,4,3,4,0.0,3,1224,2,0,3,8,0,3.0,2,0,0,1,43
7450,5,3,1,894.0,4,1074,1,0,4,6,1,2.0,2,0,72,1,51
14357,5,3,1,864.0,3,1187,1,0,3,6,1,2.0,2,128,0,1,46
8243,5,3,1,964.0,5,964,1,0,3,5,1,2.0,2,170,0,1,46
8680,5,3,1,894.0,3,894,1,0,3,5,0,1.0,2,0,0,1,47
8800,7,3,1,1174.0,5,1200,2,0,3,6,1,2.0,2,0,0,1,41
9200,6,3,1,1042.0,3,1042,2,0,3,5,0,2.0,2,192,0,1,42
8800,6,3,1,845.0,5,2154,2,1,3,8,1,2.0,2,0,0,1,10
11382,6,3,1,1130.0,3,1374,1,0,3,7,1,1.0,2,0,28,1,43
22002,6,3,1,1592.0,4,1652,1,1,4,6,1,2.0,2,0,0,1,16
12172,5,3,1,822.0,3,908,1,0,3,4,0,2.0,2,284,24,1,11
5000,3,2,0,666.0,2,666,1,0,4,4,0,0.0,5,0,52,1,57
3500,3,3,1,370.0,3,670,1,0,2,4,0,0.0,5,0,21,1,57
5175,5,3,1,808.0,5,808,1,0,3,5,0,1.0,2,143,0,1,7
9600,5,3,1,1078.0,5,1150,1,0,3,6,0,1.0,2,0,0,1,52
8668,5,3,1,1560.0,3,1560,2,0,3,8,0,3.0,2,0,0,1,39
10050,5,3,1,793.0,5,1280,2,0,3,6,1,2.0,2,140,40,1,41
9600,6,3,1,1218.0,3,1254,1,0,3,6,1,2.0,2,0,0,1,46
8760,6,3,1,936.0,3,936,1,0,4,4,0,1.0,2,0,0,1,8
6860,5,3,1,1008.0,5,1008,1,0,2,6,0,1.0,2,0,0,1,51
8250,5,3,1,1053.0,4,1053,1,0,4,6,0,2.0,2,240,0,1,44
9100,5,3,1,1144.0,3,1144,1,0,3,6,1,1.0,2,0,0,1,47
9736,6,3,1,1331.0,4,1721,1,0,3,8,3,2.0,2,0,0,1,38
9770,5,3,1,922.0,3,922,1,0,3,5,0,1.0,2,0,34,1,50
12198,5,3,1,1204.0,3,1411,1,0,3,7,1,1.0,2,278,82,1,32
10050,5,3,1,1216.0,3,1216,1,0,3,5,0,1.0,2,0,0,1,52
11556,5,3,1,864.0,4,1154,1,1,5,6,0,1.0,2,63,0,1,1
8078,5,3,1,1560.0,3,1560,2,0,3,8,0,2.0,2,0,0,1,49
10950,6,3,1,948.0,3,948,1,0,3,5,0,2.0,2,0,48,1,55
7942,6,3,1,1040.0,3,1040,1,0,3,6,0,1.0,2,0,0,1,54
8540,5,3,1,925.0,3,925,1,0,4,5,0,1.0,2,152,0,1,4
7150,4,3,1,1190.0,4,1540,1,0,2,7,0,1.0,2,0,0,1,52
8400,5,3,1,923.0,3,925,1,0,3,5,2,1.0,2,81,0,1,52
9532,4,3,1,1105.0,4,1647,1,0,3,6,1,1.0,2,225,0,1,54
15783,5,3,1,924.0,3,924,1,0,3,6,0,1.0,2,0,324,1,55
14190,4,4,0,925.0,4,1544,2,0,3,7,0,0.0,5,231,0,1,1
12099,5,3,1,1216.0,5,1728,1,0,3,7,1,1.0,2,200,0,1,3
21281,5,3,1,666.0,4,3086,3,1,4,9,0,3.0,2,0,208,1,0
10284,4,3,1,1151.0,5,1281,2,0,3,6,0,2.0,2,0,0,1,14
10800,5,3,2,736.0,5,1534,1,1,4,6,0,0.0,5,0,112,1,8
10090,7,3,1,725.0,3,1651,2,0,3,6,2,1.0,2,460,46,1,8
8700,5,3,1,920.0,4,888,1,0,3,5,0,1.0,2,0,0,1,46
8300,6,3,1,952.0,4,952,1,0,3,5,0,1.0,2,0,0,1,39
7200,5,3,1,864.0,2,1238,1,1,3,6,1,1.0,2,0,171,1,57
7500,5,3,1,1040.0,5,1040,1,0,4,6,0,1.0,2,0,0,1,4
7315,5,3,1,1170.0,3,1170,1,0,3,6,1,1.0,2,0,0,1,49
7903,5,3,1,1242.0,4,1242,1,1,3,6,0,1.0,2,0,0,1,47
8000,5,3,1,1377.0,3,1377,1,0,3,6,2,1.0,2,0,0,1,47
7000,5,3,4,0.0,4,925,1,0,3,7,0,1.0,2,0,0,1,46
6600,5,3,1,864.0,4,864,1,0,3,5,0,1.0,2,58,0,1,45
6760,5,3,1,896.0,3,936,1,0,3,6,1,1.0,2,24,90,1,45
6978,5,4,1,850.0,3,960,1,0,3,5,0,2.0,2,0,0,0,27
6000,6,3,1,845.0,3,1296,1,0,3,6,0,2.0,2,0,0,0,57
4480,5,3,0,1022.0,3,1022,1,0,2,4,1,1.0,1,0,122,0,57
3153,5,3,1,967.0,4,967,1,0,3,5,1,1.0,2,0,0,0,17
7200,5,3,1,808.0,5,1072,1,0,3,5,2,2.0,2,0,0,0,57
9000,5,3,1,680.0,5,1174,1,0,4,6,1,2.0,2,116,26,0,1
5925,4,3,0,570.0,4,1141,1,0,3,6,0,1.0,1,0,0,0,57
9639,4,3,1,1075.0,5,1798,2,1,3,7,0,2.0,2,0,0,0,57
10337,8,4,1,725.0,5,1772,2,1,4,7,0,2.0,2,0,0,0,8
9863,6,3,1,728.0,3,1642,1,1,3,9,1,1.0,2,0,0,0,57
4571,5,3,1,616.0,5,1232,1,0,3,6,0,2.0,1,280,0,0,57
8398,6,3,2,926.0,3,1650,2,0,3,6,0,2.0,2,128,103,0,17
3600,5,3,1,687.0,4,1358,1,1,4,6,1,1.0,2,0,32,0,2
13500,7,3,1,819.0,3,2454,2,0,3,8,1,2.0,2,0,148,0,20
8626,4,3,4,0.0,4,968,1,0,3,5,0,1.0,2,0,0,0,51
11800,4,3,4,0.0,5,1382,2,0,3,6,1,1.0,2,0,40,0,5
6854,5,3,1,756.0,3,1060,1,0,3,6,1,1.0,2,0,65,1,13
8674,5,3,0,910.0,3,1435,1,0,3,6,0,1.0,2,0,33,0,57
6125,5,3,1,728.0,5,1274,2,0,3,6,0,1.0,2,0,0,0,9
6000,6,3,1,600.0,5,1232,1,1,3,6,2,1.0,2,0,0,0,57
6120,5,4,1,884.0,5,884,1,0,3,5,0,1.0,2,0,0,0,57
6240,6,3,1,861.0,4,1409,1,1,3,6,1,2.0,2,225,0,0,57
6240,5,3,1,672.0,5,1322,1,0,3,7,0,1.0,2,0,0,0,55
6240,5,3,1,966.0,5,1426,1,0,3,6,1,1.0,2,174,0,0,15
6120,5,3,1,756.0,4,1281,1,0,4,6,0,2.0,2,25,0,0,57
7755,6,3,1,1100.0,5,2264,2,1,3,8,0,1.0,2,0,152,0,12
8850,6,3,1,768.0,5,1376,1,0,4,7,0,2.0,2,0,54,1,57
8550,5,3,0,750.0,3,1316,1,0,3,7,0,2.0,2,0,0,1,57
5700,7,3,1,672.0,4,1344,1,1,4,6,1,2.0,2,0,0,0,17
5680,5,3,1,592.0,3,1173,2,0,3,7,0,1.0,1,0,25,0,57
5680,5,3,1,969.0,3,1214,1,0,3,6,0,1.0,2,0,0,0,57
13200,6,3,1,741.0,2,2294,3,0,3,9,1,2.0,2,0,110,0,44
9780,7,3,1,976.0,5,1952,1,1,4,8,2,1.0,2,285,0,0,2
10320,6,3,1,1138.0,4,2180,1,1,3,7,1,2.0,2,0,0,0,57
4330,4,3,0,808.0,3,1315,2,0,3,5,0,2.0,2,0,0,0,49
10320,4,2,1,771.0,2,1484,2,0,3,6,0,1.0,1,14,211,0,57
12888,7,3,1,1005.0,3,2267,1,1,3,7,2,2.0,2,521,0,1,27
4484,5,3,1,672.0,3,1282,1,0,3,4,0,1.0,2,0,88,1,28
11235,5,3,2,925.0,3,999,1,0,3,6,0,1.0,2,40,176,1,44
11235,5,3,2,1420.0,4,1452,1,0,3,6,1,2.0,2,92,0,1,27
14299,4,3,1,1005.0,3,1005,1,0,3,5,0,2.0,2,0,0,1,43
14149,5,4,1,980.0,3,1020,2,0,3,5,1,2.0,2,0,0,1,6
11677,5,3,1,1040.0,3,1040,1,0,3,6,0,1.0,2,0,90,1,41
8425,5,3,2,768.0,4,868,1,0,3,6,0,2.0,2,138,0,1,17
8665,5,3,1,876.0,3,897,1,0,3,5,0,1.0,2,0,0,1,39
8398,5,3,1,943.0,3,943,1,0,3,5,0,2.0,2,132,0,1,40
8169,5,3,1,912.0,5,912,1,0,4,6,0,1.0,2,204,0,1,41
14175,5,3,1,1240.0,4,1375,1,0,3,6,1,1.0,2,0,0,1,9
16779,5,3,2,671.0,2,2654,3,0,3,11,1,2.0,2,128,570,1,11
6960,7,3,1,680.0,5,1302,1,1,4,6,2,1.0,2,0,0,1,9
11375,6,3,1,967.0,3,1299,1,0,4,6,1,2.0,2,81,0,1,12
13770,5,3,1,1158.0,3,1176,1,0,3,6,2,1.0,2,0,0,1,9
9000,4,2,4,0.0,3,998,1,0,3,5,0,2.0,2,0,0,1,57
11075,6,3,2,1190.0,5,1522,2,0,3,7,1,2.0,2,0,77,1,23
17541,5,3,1,409.0,5,1325,2,0,4,6,1,2.0,2,0,42,1,2
22692,5,3,1,1073.0,3,1630,2,0,3,6,1,2.0,2,0,64,1,54
17808,4,3,1,484.0,3,1242,1,0,3,4,0,1.0,2,0,0,1,57
12671,6,3,2,1288.0,5,2422,3,0,4,6,2,2.0,2,0,63,1,13
10512,6,3,1,988.0,5,1626,1,1,4,6,0,1.0,2,366,0,1,53
5400,5,3,1,864.0,3,864,1,0,3,6,0,1.0,2,0,0,1,49
11515,4,3,4,0.0,3,943,1,0,4,5,0,1.0,2,0,0,1,13
3869,5,4,1,1038.0,4,1038,2,0,3,5,0,1.0,2,0,105,1,23
9280,5,3,0,1342.0,5,1342,1,0,3,7,0,1.0,2,0,0,1,56
11100,5,3,1,1080.0,3,1480,1,0,3,7,1,1.0,2,0,0,1,13
7550,4,2,1,951.0,2,1362,2,0,3,7,0,1.0,2,0,0,1,57
23920,6,3,1,1105.0,5,1822,2,0,4,7,1,2.0,2,0,195,1,23
9317,7,4,2,779.0,5,1958,2,1,4,7,1,2.0,2,202,93,1,6
9178,8,4,2,1643.0,5,1651,2,0,4,7,1,3.0,2,204,64,1,0
10481,8,4,2,2140.0,5,2140,2,1,4,8,0,3.0,2,136,32,1,0
10235,8,4,2,1643.0,5,1651,2,0,4,7,1,3.0,2,192,64,1,0
11750,7,4,2,1546.0,5,1546,2,0,4,7,0,3.0,2,144,42,1,1
8760,8,4,2,1489.0,5,1500,2,0,4,7,1,2.0,2,144,38,1,1
7242,7,4,2,1270.0,5,1270,2,0,4,6,0,2.0,2,0,96,1,1
9316,7,4,2,879.0,5,1795,2,1,4,7,0,2.0,2,164,111,1,1
8883,7,4,2,929.0,5,1873,2,1,4,7,1,2.0,2,108,48,1,19
20064,8,4,2,966.0,5,1743,0,1,4,5,2,2.0,2,646,0,1,31
14217,5,3,2,1022.0,4,1022,1,0,3,6,0,2.0,2,0,0,1,13
10021,6,3,2,635.0,5,1308,2,1,4,6,0,2.0,2,142,54,1,1
8428,5,3,2,990.0,5,990,1,0,3,5,0,1.0,2,256,0,1,13
16561,5,3,2,1097.0,5,1097,1,1,3,6,0,1.0,2,306,0,1,11
10820,7,4,2,988.0,5,1873,2,1,4,7,1,2.0,2,202,123,1,8
12352,7,4,2,853.0,5,1753,2,1,3,7,1,2.0,2,0,74,1,8
9543,7,4,2,845.0,5,1690,2,1,4,7,0,2.0,2,0,103,1,6
8826,7,4,2,985.0,5,1842,2,1,4,7,1,2.0,2,193,96,1,7
11800,5,3,2,864.0,3,894,1,0,3,5,0,2.0,2,0,0,1,33
8660,5,3,2,1015.0,3,1025,2,0,3,6,1,2.0,2,127,0,1,31
9720,5,3,1,995.0,3,1009,2,0,3,6,1,2.0,2,0,0,1,30
8982,5,3,2,1040.0,3,1040,1,1,3,5,0,2.0,2,0,0,1,30
16300,5,3,2,876.0,3,907,1,0,3,5,0,1.0,2,0,0,1,30
9675,5,3,1,864.0,3,879,1,0,3,5,0,2.0,2,0,80,1,32
7200,5,3,1,864.0,4,864,1,0,5,5,0,2.0,4,155,0,1,7
7200,4,3,1,385.0,4,875,1,0,4,5,0,2.0,2,352,0,1,1
11354,7,4,1,1673.0,5,1673,2,0,4,7,1,2.0,2,306,113,1,7
8749,7,4,2,979.0,5,1932,2,1,4,7,1,2.0,2,0,120,1,4
8158,7,4,2,860.0,5,1729,2,1,4,7,0,2.0,2,386,63,1,5
11927,8,4,2,1556.0,5,1592,2,0,4,7,1,2.0,2,120,35,1,12
12728,8,4,2,1531.0,5,2439,2,1,4,7,1,2.0,2,184,121,1,6
15295,7,4,2,860.0,5,1992,2,1,4,7,2,2.0,2,225,32,1,5
17227,8,4,2,1341.0,5,1341,1,1,4,5,1,2.0,2,240,84,1,7
8145,7,4,2,738.0,5,1476,2,1,4,7,0,2.0,2,0,35,1,0
8769,7,4,2,1169.0,5,1190,2,0,4,5,0,2.0,2,100,41,1,2
8334,6,4,2,1330.0,5,1330,2,0,4,6,1,2.0,2,0,23,1,0
8333,7,4,2,738.0,4,1491,2,1,4,7,1,2.0,2,100,30,1,1
9045,5,4,2,768.0,5,1536,2,1,4,6,0,2.0,2,0,40,1,2
9825,5,3,2,936.0,4,936,1,0,3,4,1,1.0,2,405,0,1,40
8308,4,3,1,1088.0,3,1088,1,0,3,4,0,2.0,2,0,0,1,44
16287,5,3,1,901.0,3,1351,1,0,3,7,1,2.0,2,0,0,1,57
8240,6,3,1,1179.0,4,1179,1,0,3,5,0,2.0,2,0,0,1,47
6285,6,3,1,960.0,3,1044,1,0,3,7,1,2.0,1,228,0,1,31
9555,5,3,4,0.0,3,2233,2,1,3,11,0,2.0,3,0,0,1,28
7023,5,3,2,734.0,4,1408,2,1,3,6,0,2.0,2,0,85,1,1
39290,10,5,3,5095.0,5,5095,2,1,5,15,2,3.0,2,546,484,1,-2
3675,6,3,2,547.0,5,1072,1,0,4,5,0,2.0,2,0,44,0,2
6400,5,3,1,960.0,5,960,1,0,2,4,0,1.0,2,144,0,1,7
6882,4,3,4,0.0,3,1152,2,0,2,6,0,0.0,5,0,0,1,52
8741,5,3,1,1195.0,3,1195,2,0,3,8,0,0.0,5,118,0,1,57
10042,6,3,1,660.0,3,865,1,0,3,4,1,1.0,2,0,0,1,12
8172,4,3,1,768.0,3,768,1,0,3,4,1,1.0,2,0,0,1,52
8172,4,3,1,864.0,3,864,1,0,3,5,0,2.0,2,196,0,1,52
10890,5,3,1,1296.0,2,2592,2,0,3,12,0,0.0,5,0,742,1,57
7223,5,3,1,1290.0,3,1422,1,0,3,6,0,1.0,2,0,0,1,57
6821,6,3,1,651.0,4,1298,2,0,3,8,1,1.0,2,216,0,1,2
4000,7,3,2,531.0,3,1098,1,0,3,5,1,1.0,2,0,0,1,12
6720,6,3,1,585.0,3,1436,1,0,3,7,1,1.0,2,184,0,1,57
7155,6,3,1,686.0,3,1461,1,0,3,6,1,1.0,2,0,0,1,16
7230,7,3,1,851.0,4,1718,2,1,4,8,1,2.0,2,291,0,1,15
13108,5,3,4,0.0,2,1226,1,1,3,7,1,2.0,2,174,24,1,56
7810,4,3,1,930.0,5,1755,2,0,4,7,1,1.0,2,0,40,1,4
6221,5,3,1,728.0,5,1355,2,0,3,5,0,2.0,2,0,0,1,57
25485,6,3,1,1560.0,3,1560,1,1,3,6,3,2.0,2,0,75,1,47
21579,6,3,2,1488.0,5,1488,2,0,3,7,2,2.0,2,0,0,1,39
1782,6,3,2,516.0,4,1045,1,0,3,5,1,2.0,2,180,0,0,27
17871,4,3,2,1680.0,4,1680,2,0,4,7,0,2.0,2,152,0,1,11
3907,8,3,2,1004.0,4,1020,1,0,3,4,0,2.0,2,135,0,0,19
20693,7,3,2,1696.0,5,1696,2,0,3,7,2,2.0,2,0,146,1,36
18044,8,4,2,279.0,4,2726,2,1,4,6,1,2.0,3,216,64,1,21
7000,6,3,1,720.0,4,1215,1,0,4,6,0,2.0,2,0,0,0,57
7288,5,4,1,936.0,5,1601,2,0,3,6,0,0.0,5,0,0,0,4
9060,5,3,2,859.0,5,1828,2,0,4,6,0,2.0,2,174,0,0,8
3672,5,3,1,816.0,5,816,1,0,3,5,0,1.0,1,0,0,0,57
11067,2,3,4,0.0,5,845,1,0,3,4,0,1.0,1,48,0,0,57
8250,5,3,1,957.0,2,1991,2,0,3,9,0,0.0,5,0,0,0,1
6565,4,3,1,1073.0,4,1073,1,0,3,6,0,2.0,2,0,444,0,27
6060,5,4,1,837.0,5,1001,1,0,4,5,0,1.0,0,154,0,0,0
5568,8,4,2,1573.0,4,1625,2,0,4,5,1,2.0,2,123,0,0,0
12150,6,3,2,1001.0,3,1299,2,0,4,5,1,2.0,2,84,0,1,28
10000,5,4,2,1441.0,5,1392,2,0,4,6,1,3.0,2,168,49,1,5
12864,7,4,2,1409.0,5,1409,1,1,4,4,1,2.0,2,0,144,1,5
9928,7,3,2,1454.0,3,1478,2,0,3,6,1,2.0,2,114,22,1,15
8750,7,3,1,852.0,3,918,1,0,3,4,0,1.0,2,192,84,1,32
8410,6,3,2,970.0,3,1026,1,0,3,5,1,2.0,2,193,0,1,33
4054,7,4,2,1501.0,5,1501,2,0,4,5,2,2.0,2,240,0,1,20
19958,6,3,1,585.0,4,2279,2,1,4,7,1,2.0,2,274,0,1,12
8368,7,4,2,1689.0,5,1689,2,0,4,7,0,2.0,2,100,39,1,0
8298,8,4,2,1546.0,5,1564,2,0,5,6,1,2.0,2,132,0,1,0
10331,7,3,2,1265.0,4,1240,2,0,4,6,0,2.0,2,232,0,1,22
6718,8,4,3,1267.0,5,1312,2,0,4,5,0,2.0,2,256,28,1,6
11305,8,4,2,1922.0,5,1922,2,0,4,6,1,3.0,2,201,64,1,5
7777,6,4,3,1491.0,5,1491,2,0,3,7,1,2.0,2,0,35,1,11
11800,7,4,2,1122.0,5,2486,3,1,4,10,1,2.0,2,143,32,1,3
12633,10,5,3,1824.0,5,1824,2,0,5,8,1,3.0,2,160,36,1,0
43500,3,3,4,0.0,5,2034,1,0,3,9,0,4.0,2,483,266,1,54
6710,6,3,3,920.0,5,936,0,1,3,3,0,2.0,2,0,40,0,10
1504,4,3,1,546.0,3,1092,1,1,3,5,0,1.0,2,0,0,0,35
1533,4,3,2,530.0,3,992,1,0,3,4,0,1.0,2,112,97,0,37
1495,4,3,1,546.0,5,1092,1,1,3,5,0,0.0,5,0,64,0,37
1890,4,3,1,546.0,5,1092,1,1,3,6,0,1.0,2,0,0,0,31
9129,5,3,2,923.0,3,1008,1,0,4,4,1,2.0,2,201,66,1,30
15957,6,3,2,1244.0,3,1356,2,0,3,6,1,2.0,2,1424,0,1,30
33983,5,3,1,1160.0,3,1676,1,1,4,6,2,2.0,2,690,90,1,13
8286,5,3,2,716.0,5,1432,1,1,3,6,1,2.0,2,0,136,1,30
6723,5,3,2,796.0,3,796,1,0,3,5,0,0.0,5,129,0,1,36
27697,4,3,1,1396.0,3,1608,1,0,3,6,0,1.0,1,152,38,1,46
11000,5,3,2,1090.0,3,1178,1,1,3,6,0,2.0,2,0,44,1,4
11625,5,3,2,816.0,3,816,1,0,3,4,0,1.0,2,330,0,1,24
10447,5,3,1,864.0,3,887,1,0,3,5,0,1.0,2,140,0,1,23
11027,6,3,1,1178.0,4,1293,2,0,3,5,0,2.0,2,280,0,1,52
10533,6,3,1,1008.0,3,1024,1,0,4,5,2,1.0,2,0,0,1,50
11765,5,3,1,1617.0,2,1797,1,1,3,7,1,3.0,2,0,0,1,49
39384,6,3,2,1705.0,5,1390,1,1,5,4,2,2.0,2,0,189,1,49
11727,7,3,1,1851.0,4,1851,2,0,3,8,1,2.0,2,0,146,1,37
8238,6,3,1,813.0,5,1525,2,1,3,6,1,2.0,2,421,72,1,8
13041,6,3,2,781.0,4,1671,2,1,3,7,1,2.0,2,0,84,1,11
9783,6,3,2,821.0,4,1776,2,1,3,7,1,2.0,2,286,116,1,10
13128,8,4,2,1074.0,5,2064,2,1,4,7,1,2.0,2,0,119,1,1
13751,7,4,2,1700.0,5,2212,2,1,4,9,1,3.0,2,237,38,1,0
13108,8,4,2,2062.0,5,2687,2,1,4,9,0,2.0,2,168,12,1,12
8076,6,3,2,1160.0,4,1169,2,0,3,6,1,2.0,2,0,26,1,12
3701,8,3,2,1191.0,3,1204,2,0,3,5,0,2.0,2,120,70,1,19
16023,9,4,3,1398.0,5,2798,3,1,5,11,1,3.0,2,182,37,1,0
18062,10,5,3,1528.0,5,3390,3,1,5,10,1,3.0,2,204,34,1,0
12292,9,4,3,1094.0,5,2473,2,1,4,11,1,3.0,2,246,39,1,0
16052,10,5,3,1850.0,5,2698,2,1,5,11,1,3.0,2,250,0,1,0
15922,9,4,3,1390.0,5,2795,3,1,5,10,1,3.0,2,272,102,1,0
8147,9,4,3,1714.0,5,1714,2,0,4,7,1,2.0,2,156,55,1,1
18261,9,5,3,1910.0,5,2000,2,1,5,8,2,3.0,2,351,102,1,1
10464,6,3,2,988.0,3,1102,1,0,3,5,1,2.0,2,140,22,1,26
10530,7,3,1,945.0,3,1857,2,1,3,8,1,2.0,2,400,105,1,28
9927,7,4,3,1047.0,3,1083,1,0,3,5,1,2.0,2,444,0,1,30
9512,7,4,2,960.0,5,2318,2,1,4,8,1,2.0,2,0,246,0,0
10530,6,3,1,675.0,3,1875,3,0,4,8,1,2.0,2,48,28,1,6
10000,6,3,1,1103.0,3,1103,2,0,3,6,0,2.0,2,295,84,1,32
7200,4,3,1,864.0,3,874,1,0,3,5,0,2.0,2,63,0,1,35
8773,6,4,2,1487.0,5,1419,2,0,4,4,0,2.0,2,196,68,0,4
2760,6,3,1,525.0,3,1092,1,1,3,6,0,2.0,2,0,0,0,33
2160,5,3,1,765.0,4,1365,1,1,4,7,1,2.0,2,0,36,0,33
1890,6,3,1,494.0,5,1030,1,1,3,6,0,1.0,2,0,0,0,34
1680,6,3,1,483.0,3,948,1,1,3,5,0,1.0,2,0,0,0,34
1680,6,3,1,525.0,4,1092,1,1,3,6,0,1.0,2,352,0,0,34
4043,6,3,2,1069.0,4,1069,2,0,3,4,1,2.0,2,0,55,1,31
7514,5,3,1,943.0,3,1387,1,0,3,6,1,1.0,2,0,0,1,31
2280,7,3,1,1055.0,3,1055,2,0,3,4,0,1.0,2,0,29,1,30
2179,6,3,2,855.0,4,1456,2,1,3,6,1,2.0,2,0,28,1,30
16387,9,4,3,1738.0,4,2589,2,1,5,11,1,3.0,2,0,0,1,0
16163,8,4,2,1618.0,5,1618,2,0,4,6,1,3.0,2,0,0,1,2
12228,7,4,3,1721.0,5,1740,2,0,4,8,0,3.0,2,0,43,1,0
14780,9,5,3,1868.0,5,1868,2,0,5,7,1,3.0,2,354,56,1,1
13975,9,4,2,1090.0,5,2206,2,1,5,10,1,3.0,2,148,95,1,0
9942,9,5,3,1606.0,5,2091,2,1,5,8,1,2.0,2,194,84,1,0
12867,8,4,3,1209.0,5,2253,2,1,5,8,1,2.0,2,243,142,1,0
10672,8,4,3,1054.0,4,2389,2,1,4,10,1,3.0,2,176,64,1,0
11643,8,4,3,1524.0,5,2358,2,1,5,10,1,3.0,2,120,34,1,0
13758,9,5,3,1792.0,5,1792,2,0,4,6,1,3.0,2,204,49,1,0
14828,9,5,3,1780.0,5,1780,2,0,5,7,1,3.0,2,144,68,1,1
13215,8,4,2,1420.0,5,1914,2,1,4,9,1,3.0,2,168,127,1,2
5911,9,5,3,1560.0,5,1565,2,0,5,6,1,2.0,2,196,56,1,1
7740,9,4,3,1686.0,5,1686,2,0,5,6,1,3.0,2,266,100,1,0
6373,9,5,3,1666.0,5,1666,2,0,4,6,1,2.0,2,228,75,1,0
10237,6,4,2,728.0,5,1456,2,1,4,8,1,2.0,2,0,24,1,0
10237,7,4,2,738.0,5,1492,2,1,4,8,0,2.0,2,0,32,1,0
11660,6,4,2,1326.0,5,1326,2,0,4,6,0,2.0,2,100,0,1,0
11631,8,4,2,1052.0,5,2373,2,1,4,9,1,3.0,2,120,46,1,1
9073,7,4,2,738.0,5,1492,2,1,4,8,0,2.0,2,100,32,1,0
3087,7,4,2,1220.0,5,1364,2,0,4,6,1,2.0,2,100,16,1,0
2938,7,4,2,1368.0,5,1511,2,0,4,5,1,2.0,2,130,30,1,4
3072,7,4,2,1365.0,5,1548,2,0,4,7,1,2.0,2,143,20,0,2
3010,7,4,2,1142.0,5,1142,2,0,4,6,0,2.0,2,90,0,1,0
9171,7,4,2,848.0,5,1598,2,1,4,7,1,2.0,2,100,48,1,1
8658,6,3,2,982.0,5,1889,2,1,3,9,1,2.0,2,0,0,1,6
12104,7,4,2,1035.0,4,2322,3,1,4,8,0,3.0,2,400,45,1,0
9660,8,4,2,1044.0,5,1976,2,1,4,7,1,3.0,2,210,31,1,8
9545,8,4,2,1160.0,5,2234,2,1,4,7,1,3.0,2,0,50,1,6
9233,9,4,3,1540.0,5,2855,2,1,5,9,1,3.0,2,247,55,1,6
10019,8,4,2,1342.0,5,2726,2,1,4,9,1,3.0,2,307,169,1,11
17242,9,4,3,1733.0,5,3500,3,1,5,11,1,3.0,2,870,86,1,12
10236,8,4,2,1290.0,5,2494,2,1,4,9,1,3.0,2,200,95,1,11
12585,8,4,2,1286.0,5,2799,2,1,4,8,1,3.0,2,432,136,1,13
12447,8,4,2,1100.0,5,1964,2,1,4,8,1,2.0,2,200,70,1,0
15218,8,4,3,1670.0,5,1670,2,1,4,6,1,3.0,2,0,240,1,0
10936,8,4,2,1504.0,5,1504,2,0,4,7,0,2.0,2,144,0,1,0
8640,8,4,2,1278.0,5,1278,2,0,4,5,0,2.0,2,0,60,0,0
13162,9,4,3,2036.0,5,2640,3,1,5,11,1,3.0,2,0,265,0,0
8125,6,4,2,858.0,5,1716,2,1,4,7,0,2.0,2,0,53,0,1
7733,6,3,1,1142.0,5,1142,1,1,4,5,0,0.0,5,4,50,1,1
11024,7,4,2,1400.0,5,1400,2,0,4,6,0,2.0,2,144,55,1,0
13072,6,3,2,1131.0,5,1131,1,1,4,6,0,0.0,5,0,39,1,0
7800,7,4,2,891.0,5,1686,2,1,4,8,0,2.0,2,144,101,1,1
7632,7,4,2,784.0,5,1585,2,1,4,7,0,2.0,2,100,77,1,1
8304,6,3,2,941.0,5,1837,2,1,3,7,0,2.0,2,150,165,1,8
9370,6,4,2,836.0,5,1731,2,1,4,7,0,2.0,2,307,85,1,13
7175,6,4,2,1398.0,4,1398,2,0,4,5,0,2.0,2,0,46,1,15
7175,6,4,2,1217.0,4,1217,2,0,4,5,0,2.0,2,0,64,1,15
9019,6,3,2,636.0,5,1320,2,1,4,6,0,2.0,2,0,40,1,12
9100,5,3,1,988.0,5,988,1,0,3,6,0,2.0,2,0,0,1,44
8927,6,3,4,0.0,3,1654,2,0,3,10,0,2.0,2,0,0,0,29
9240,5,3,1,864.0,4,1211,1,0,3,6,1,2.0,2,161,0,1,4
9308,5,3,1,984.0,3,984,1,0,3,5,0,1.0,2,0,0,1,41
8450,5,3,1,882.0,3,909,1,0,3,5,0,1.0,2,0,155,1,38
8638,5,3,1,925.0,4,925,1,0,3,5,0,2.0,2,203,74,1,43
13052,5,3,1,1024.0,3,1024,1,1,3,5,0,1.0,2,0,0,1,41
8020,5,3,1,912.0,3,912,1,0,3,6,0,0.0,5,0,0,1,42
8789,5,3,1,912.0,3,941,1,0,3,6,1,1.0,2,64,0,1,39
14330,7,4,2,1748.0,4,2646,2,0,4,9,4,2.0,2,641,100,1,32
11025,8,4,3,1334.0,5,2826,2,1,4,9,3,3.0,2,177,208,1,13
3628,7,4,2,1143.0,5,1143,1,1,4,5,1,2.0,2,0,191,0,2
2544,7,4,2,600.0,5,1223,2,1,4,4,0,2.0,2,0,166,0,1
2998,6,4,2,756.0,5,1524,2,1,4,4,0,2.0,2,0,32,0,6
4447,7,4,2,530.0,5,1080,2,1,4,4,0,2.0,2,0,50,0,3
8314,7,4,2,569.0,5,1694,2,1,4,6,1,1.0,2,0,382,0,8
7180,8,4,2,1568.0,5,1568,2,0,4,6,1,2.0,2,0,266,0,4
13110,5,3,2,1153.0,5,1193,2,0,3,6,0,2.0,2,140,153,1,34
10140,7,3,1,1334.0,4,1334,2,0,3,7,0,2.0,2,0,20,1,39
9600,5,3,1,1051.0,4,1051,1,0,3,6,0,2.0,2,0,0,1,38
8640,5,3,2,900.0,5,1770,1,1,3,7,0,2.0,2,0,60,1,38
9360,6,3,1,976.0,3,976,1,0,4,4,1,2.0,2,94,0,1,2
8400,5,3,2,833.0,4,898,1,0,3,6,0,1.0,2,143,0,1,38
9759,5,3,1,1051.0,3,1051,1,0,3,6,0,1.0,2,182,88,1,40
9600,5,3,1,1141.0,4,1141,1,0,3,6,0,1.0,2,0,78,1,39
8800,6,3,1,1187.0,5,1565,2,0,4,7,2,1.0,2,200,25,1,6
10368,6,3,1,1008.0,5,1488,1,1,3,7,1,2.0,2,154,60,1,42
9350,5,3,1,720.0,4,1440,1,1,3,7,1,2.0,2,0,32,1,42
10800,5,3,1,1248.0,5,1248,1,0,3,6,0,1.0,2,0,0,1,46
8550,6,3,1,816.0,5,816,1,0,3,4,1,1.0,2,228,0,1,56
9724,5,3,1,938.0,5,1043,1,0,3,5,1,1.0,2,125,48,1,56
9600,5,3,1,1251.0,3,1433,1,0,3,7,1,2.0,2,144,0,1,16
10858,5,3,1,1444.0,5,1624,1,0,3,6,1,1.0,2,0,40,1,54
9600,5,3,1,1056.0,5,1216,1,0,3,7,0,1.0,2,0,0,1,55
9462,5,3,1,704.0,4,1728,1,1,3,7,1,1.0,2,245,60,1,33
9888,5,3,1,936.0,3,936,1,0,3,5,0,1.0,2,0,0,1,31
8917,5,3,1,1584.0,3,1584,2,0,3,8,0,2.0,2,0,0,1,39
12700,6,3,1,1246.0,3,1246,1,0,3,6,2,2.0,2,0,69,1,42
9723,6,3,1,1008.0,3,1008,1,0,3,5,0,2.0,2,0,0,1,43
8400,5,3,0,1179.0,4,1364,1,1,3,6,1,1.0,2,0,60,1,49
9610,6,3,1,1121.0,5,1336,1,1,3,7,1,2.0,2,80,0,1,48
10000,5,3,1,1058.0,5,1370,1,0,3,6,1,1.0,2,191,0,1,50
10152,6,3,1,1124.0,5,1124,1,0,3,6,1,1.0,2,0,211,1,12
8092,6,3,1,1050.0,5,1050,1,0,4,6,0,1.0,2,0,0,1,6
12778,5,3,1,1008.0,5,1008,1,0,3,4,0,1.0,2,0,154,1,3
10170,6,3,1,216.0,3,1575,1,1,4,5,1,2.0,2,0,0,1,55
7700,5,3,2,301.0,5,1145,1,0,3,6,0,2.0,2,0,0,1,50
11050,5,3,1,1005.0,5,1005,1,0,3,6,1,1.0,2,0,0,1,50
13600,5,3,1,1056.0,4,1056,1,1,3,6,0,1.0,2,0,0,1,51
15428,5,3,1,884.0,5,884,1,0,3,4,0,1.0,2,0,0,1,15
21299,7,4,1,929.0,5,2039,1,1,3,7,3,3.0,2,0,0,1,43
13300,5,3,1,1015.0,4,1384,1,0,3,6,0,2.0,2,75,0,1,5
22136,5,3,1,2171.0,3,2640,2,1,3,10,1,3.0,2,631,48,1,31
7500,6,3,1,784.0,5,1312,1,1,3,6,0,2.0,2,0,28,1,56
10410,3,3,1,713.0,5,713,1,0,4,5,0,1.0,1,0,75,1,5
10914,3,3,1,715.0,2,715,1,0,3,4,0,2.0,2,0,0,1,56
7008,4,3,0,448.0,5,720,1,0,2,5,0,1.0,2,0,0,1,8
7200,6,3,1,663.0,5,1595,2,0,3,7,1,2.0,2,49,0,1,56
10818,4,3,0,1077.0,3,1760,1,1,3,7,1,2.0,2,120,0,1,56
10184,6,3,1,1083.0,3,1146,1,0,3,6,1,1.0,2,345,75,1,43
9510,6,3,1,1135.0,5,1207,1,1,3,6,0,1.0,2,0,240,1,21
10800,6,3,1,1313.0,3,1773,2,0,3,6,2,2.0,2,355,98,1,14
11650,7,3,4,0.0,4,1472,2,0,4,5,1,2.0,2,0,68,1,47
18275,7,3,1,1438.0,3,2448,3,0,3,9,2,2.0,2,520,102,1,8
12144,4,3,1,910.0,4,1521,1,1,4,6,0,1.0,2,199,0,1,56
8544,3,3,4,0.0,2,1040,2,0,3,6,0,2.0,1,0,0,1,56
8512,5,3,1,1556.0,3,1556,2,0,3,8,0,0.0,5,0,0,1,46
7000,5,3,1,1150.0,3,1150,1,0,3,6,0,1.0,2,0,0,1,45
7400,7,3,1,1045.0,4,1045,1,0,3,6,0,2.0,2,0,0,1,44
7000,5,3,1,864.0,4,864,1,0,3,5,0,1.0,2,0,0,1,44
7000,5,3,1,1025.0,3,1025,1,0,3,6,0,0.0,5,96,80,1,44
9856,5,4,0,716.0,5,2014,2,0,3,8,0,2.0,2,0,72,0,1
9600,5,3,1,1212.0,4,1668,1,0,3,6,0,1.0,2,0,0,0,56
5520,4,3,1,1147.0,3,1657,1,0,2,9,1,1.0,1,0,0,0,26
9600,6,3,1,780.0,5,1416,1,0,4,7,0,2.0,2,0,24,0,2
6451,7,3,1,712.0,4,1428,1,0,3,7,0,2.0,2,264,0,0,36
3960,7,3,1,502.0,3,1004,1,0,4,5,1,1.0,2,280,0,0,56
7745,4,4,1,938.0,4,1951,2,0,2,9,0,2.0,2,0,6,0,56
7741,6,3,1,1032.0,4,1032,1,0,3,5,0,1.0,2,0,0,0,56
5633,5,3,1,844.0,3,844,1,0,3,5,0,1.0,2,50,81,0,56
7200,4,3,1,576.0,5,864,1,0,3,5,0,1.0,2,0,0,0,56
7614,3,3,1,738.0,4,1376,1,0,3,7,0,1.0,2,0,0,0,56
6000,5,3,1,960.0,3,960,1,0,3,5,0,2.0,2,0,0,0,51
6000,5,3,1,816.0,5,1566,1,1,4,7,0,2.0,2,24,0,0,56
7830,3,3,0,492.0,3,492,1,0,3,3,0,1.0,2,0,0,0,56
9576,6,3,0,770.0,3,1182,1,1,3,5,0,1.0,2,0,0,0,56
5747,3,3,1,798.0,4,840,1,0,2,5,0,1.0,1,112,0,0,56
6300,7,3,1,1226.0,5,2104,2,0,3,9,0,2.0,2,0,341,0,1
5976,5,3,1,624.0,4,1248,2,0,3,8,0,0.0,5,0,130,0,56
9750,5,3,1,960.0,5,960,1,0,3,5,0,2.0,2,0,0,0,48
4761,3,2,1,1020.0,2,1020,1,0,2,5,0,0.0,5,0,0,0,56
11737,6,3,1,848.0,3,1827,1,0,3,9,1,1.0,2,27,36,1,10
6120,3,4,1,728.0,5,1162,1,0,3,6,0,1.0,0,0,24,0,56
6120,5,3,1,741.0,4,1324,1,0,4,7,0,1.0,2,0,0,0,22
11672,5,3,1,816.0,3,816,1,0,3,4,0,1.0,1,168,0,1,56
33120,6,3,1,1595.0,3,2486,2,0,3,8,1,2.0,2,0,0,0,44
10320,4,3,1,596.0,1,1430,2,0,2,7,0,2.0,1,218,0,0,56
7518,5,2,0,396.0,4,1330,1,0,3,7,0,1.0,2,0,72,0,2
9000,5,3,1,610.0,5,819,1,0,4,4,0,0.0,5,0,0,0,56
7200,6,3,1,984.0,3,984,1,0,3,6,0,1.0,2,0,0,0,56
12375,5,3,1,806.0,3,1422,1,0,3,7,1,1.0,2,0,0,1,55
11136,6,3,1,1921.0,3,1921,2,0,3,8,0,2.0,2,0,180,1,42
21370,5,3,4,0.0,3,1640,1,0,3,7,1,2.0,2,0,0,1,56
8250,5,3,4,0.0,3,1032,1,0,3,6,1,1.0,2,0,0,1,56
5220,5,3,1,830.0,4,879,1,0,3,4,0,1.0,2,0,108,1,56
5500,7,3,2,1073.0,5,1073,2,0,3,4,0,1.0,2,0,120,1,2
11327,5,3,1,1064.0,3,1064,1,0,3,6,1,2.0,2,314,48,1,39
10366,6,3,1,912.0,3,934,1,0,3,4,0,1.0,2,77,0,1,42
9000,5,3,1,1059.0,4,1059,1,0,3,6,0,1.0,2,0,88,1,40
9535,5,3,1,1176.0,3,1458,1,1,3,7,1,2.0,2,284,0,1,39
7176,6,3,1,960.0,2,1040,1,0,3,6,1,2.0,2,131,0,1,28
9662,5,3,2,1967.0,3,1967,2,0,3,10,0,2.0,2,170,0,1,29
8235,5,3,1,1949.0,3,1949,2,0,3,10,0,2.0,2,32,0,1,29
17529,5,3,1,872.0,2,872,1,0,2,5,1,1.0,1,0,0,1,56
20355,7,3,2,1865.0,3,1830,1,0,3,6,2,2.0,2,0,115,1,39
13050,5,3,2,1000.0,5,1000,1,0,3,4,2,2.0,2,238,0,1,43
10820,5,3,2,782.0,5,810,1,0,3,4,0,2.0,2,0,0,1,34
1700,7,4,2,430.0,3,1700,2,1,4,7,0,1.0,2,188,36,1,25
9375,4,3,1,967.0,5,1350,1,1,3,6,1,2.0,2,237,0,1,52
6488,5,3,1,799.0,5,1150,1,0,3,6,2,1.0,2,264,0,1,56
19950,6,3,1,672.0,5,2009,2,0,3,8,2,3.0,2,0,42,1,56
19800,6,3,1,1836.0,4,3672,3,1,4,7,2,2.0,2,684,80,1,16
11679,5,3,1,1776.0,5,1560,2,0,3,6,1,2.0,2,453,253,1,44
12048,5,3,4,0.0,4,1488,1,0,3,7,1,2.0,2,0,189,1,4
10519,5,3,1,1057.0,4,1057,1,0,4,6,0,1.0,2,0,0,1,7
9525,6,3,1,1000.0,3,1609,1,1,3,7,0,1.0,2,0,0,1,53
12128,6,4,2,868.0,5,2559,2,1,5,9,1,2.0,2,0,245,1,17
9069,6,4,2,1344.0,4,1440,2,0,4,8,0,4.0,2,288,0,1,13
11003,7,4,2,1308.0,5,1876,2,1,4,7,0,3.0,2,0,40,1,0
7488,7,4,2,1208.0,5,1208,2,0,4,6,0,2.0,2,105,58,1,1
13377,6,4,2,1836.0,4,1846,2,0,4,7,1,2.0,2,0,32,1,0
11645,8,4,3,1570.0,5,1590,2,1,5,6,0,3.0,2,176,80,1,0
10984,7,4,2,945.0,5,1809,2,1,4,8,0,2.0,2,144,54,1,0
9316,7,4,2,1614.0,5,1614,2,0,4,7,1,2.0,2,100,45,1,1
9316,7,4,2,784.0,5,1596,2,1,4,6,0,2.0,2,144,45,1,1
12000,6,3,2,1388.0,4,1388,2,0,3,6,1,2.0,2,0,58,1,38
13015,5,3,2,1100.0,5,1100,1,1,3,5,0,2.0,2,0,0,1,10
12438,6,4,2,781.0,5,1499,2,1,4,6,1,2.0,2,413,91,1,11
8685,7,3,2,1425.0,5,1425,2,0,3,5,0,2.0,2,0,130,1,8
9272,7,4,2,842.0,5,1749,2,1,4,7,0,2.0,2,140,85,1,7
13426,7,4,2,951.0,5,1779,2,1,4,7,1,2.0,2,208,107,1,6
8340,6,3,2,675.0,3,1388,1,1,3,6,0,1.0,2,406,36,1,29
10385,6,3,1,995.0,3,1282,2,0,3,6,0,3.0,2,386,0,1,28
7200,5,3,1,864.0,5,864,1,0,3,5,0,1.0,2,0,0,1,34
9930,7,4,2,826.0,5,1762,2,1,4,6,0,2.0,2,320,54,1,4
9468,6,3,2,840.0,5,1755,2,1,3,7,1,2.0,2,176,73,1,7
11088,8,4,2,1348.0,5,1358,1,1,4,5,1,2.0,2,68,166,1,4
8726,7,4,2,872.0,5,1909,2,1,4,8,0,2.0,2,0,108,1,4
10566,8,4,2,1090.0,5,2214,2,1,4,8,1,3.0,2,197,80,1,7
21533,7,4,2,1065.0,5,2049,2,1,4,9,1,2.0,2,120,48,1,9
11250,7,3,2,1054.0,5,1939,2,1,4,8,1,3.0,2,128,84,1,8
11250,7,4,2,930.0,5,1995,2,1,4,8,1,2.0,2,275,170,1,10
4435,6,4,2,848.0,5,848,1,0,4,4,0,2.0,2,140,0,0,3
8810,7,4,2,1390.0,5,1390,2,0,4,7,0,2.0,2,0,68,1,3
8581,7,4,2,851.0,5,1737,2,1,4,7,0,2.0,2,0,105,1,0
8400,7,4,2,784.0,5,1611,2,1,4,6,0,2.0,2,144,36,1,1
8772,7,4,2,1336.0,5,1336,2,0,4,6,0,2.0,2,136,43,1,0
8777,4,3,2,676.0,4,1436,2,0,3,6,0,2.0,2,147,0,1,6
7840,6,3,2,976.0,3,1012,2,0,3,4,0,0.0,5,0,0,1,31
16133,5,3,2,1176.0,3,1176,1,0,3,5,0,1.0,2,0,92,1,37
7162,7,4,2,796.0,5,1724,2,1,4,8,1,2.0,2,168,57,1,2
8050,6,3,2,914.0,5,914,1,0,4,4,0,0.0,5,32,0,1,4
11060,7,4,3,1150.0,5,2314,2,1,4,9,1,2.0,2,0,274,1,1
3675,6,3,2,547.0,4,1072,1,0,3,5,0,2.0,2,0,44,0,0
2522,7,4,2,970.0,5,1709,2,0,4,7,0,2.0,2,0,40,0,2
6956,4,3,0,624.0,5,936,1,0,3,5,0,1.0,0,0,0,1,56
7822,6,3,0,832.0,3,1338,2,0,3,7,0,2.0,2,0,0,1,56
8707,4,3,1,1093.0,3,1669,1,1,3,9,0,1.0,2,0,0,1,56
16012,4,3,1,954.0,5,1482,2,0,3,6,1,2.0,2,0,30,1,38
8248,4,3,1,864.0,3,1414,1,0,3,8,1,0.0,5,0,0,1,56
8088,2,3,1,498.0,3,498,1,0,3,3,0,1.0,1,0,0,1,51
11388,4,3,1,616.0,3,1273,1,0,4,5,0,1.0,1,212,0,1,13
10890,5,3,0,1058.0,3,1551,2,0,2,6,0,1.0,2,0,0,1,56
6430,6,3,1,780.0,3,1340,1,0,3,6,0,1.0,2,0,0,0,56
7000,7,3,1,624.0,5,1479,1,0,4,6,2,1.0,2,530,0,1,9
4899,6,3,1,755.0,5,1510,1,0,3,6,0,1.0,2,0,0,1,56
9399,7,3,1,818.0,3,1636,1,1,4,7,1,1.0,2,0,0,1,56
10164,5,3,1,992.0,2,1465,2,0,3,6,2,1.0,2,0,126,1,56
6191,5,3,0,824.0,3,1288,1,0,3,6,0,1.0,2,0,0,1,56
21780,6,3,1,817.0,4,1550,1,1,3,7,1,1.0,2,0,0,1,56
12400,5,3,2,901.0,3,1717,1,1,3,7,1,1.0,2,0,0,1,56
8170,7,4,1,1022.0,5,1671,2,0,3,7,1,2.0,2,0,0,1,56
12320,7,3,1,637.0,5,1609,1,1,4,8,2,3.0,2,0,0,1,16
14210,6,3,1,697.0,5,1801,1,1,3,8,1,2.0,2,0,90,1,47
15600,5,3,2,1168.0,4,2315,2,0,3,9,3,1.0,2,0,0,1,43
7288,5,3,1,976.0,3,976,1,0,3,5,0,1.0,2,160,0,0,56
7000,6,3,1,861.0,5,1285,1,0,3,6,0,2.0,2,96,0,0,56
8534,4,3,0,432.0,3,672,1,0,3,4,0,0.0,5,0,0,0,56
7030,4,3,1,641.0,4,641,1,0,2,4,0,1.0,2,184,0,0,56
9060,6,3,1,967.0,4,1638,2,0,4,6,0,1.0,2,0,21,0,49
12366,3,3,4,0.0,3,729,1,0,3,5,0,0.0,5,0,0,0,56
9000,5,2,1,660.0,3,1396,2,0,3,8,0,0.0,5,0,0,0,55
8520,3,3,0,216.0,2,936,1,0,3,6,0,0.0,5,0,0,0,56
5748,8,4,3,1573.0,5,1778,2,0,5,5,1,2.0,2,123,53,0,0
3842,8,4,3,1594.0,5,1646,2,0,4,5,1,2.0,2,128,53,0,1
23580,6,3,2,1625.0,3,1625,2,0,2,6,1,2.0,2,136,28,1,27
8385,6,3,1,1664.0,3,1664,2,0,3,10,0,2.0,2,0,0,1,28
9116,8,4,3,1491.0,5,1491,2,0,4,7,0,2.0,2,120,100,1,5
11080,6,3,1,1128.0,3,1210,2,0,3,6,0,2.0,2,0,0,1,31
50102,6,3,2,1632.0,3,1650,1,0,3,6,2,2.0,2,0,0,1,48
8098,6,4,2,1381.0,5,1403,2,0,4,5,0,2.0,2,0,173,1,6
13618,8,4,3,1728.0,5,1960,2,0,4,8,2,3.0,2,172,38,1,0
11577,9,5,2,1838.0,5,1838,2,0,5,9,1,3.0,2,161,225,1,0
31250,1,3,4,0.0,3,1600,1,1,3,6,0,1.0,2,0,0,1,55
7020,7,3,2,1288.0,4,1368,2,0,3,8,0,4.0,2,0,48,0,9
2665,5,3,2,264.0,3,1304,1,1,3,5,1,1.0,2,141,0,0,29
10172,5,3,1,864.0,5,874,1,0,3,5,0,1.0,2,0,120,1,3
11836,5,3,1,1652.0,3,1652,2,0,3,8,0,3.0,2,0,0,1,36
1470,4,3,2,630.0,3,630,1,0,3,3,0,0.0,5,0,0,0,36
1484,4,3,1,546.0,3,1092,1,1,3,5,0,1.0,1,0,0,0,34
13384,5,3,1,1104.0,2,1360,1,0,3,8,1,1.0,2,160,0,1,27
1533,4,3,1,546.0,3,1092,1,1,3,5,0,1.0,2,0,0,0,36
1526,4,3,1,546.0,3,1092,1,1,3,5,0,0.0,5,0,34,0,36
1936,4,3,1,546.0,4,1092,1,1,3,5,0,0.0,5,0,0,0,36
1894,4,3,1,546.0,3,1092,1,1,3,6,0,1.0,2,0,24,0,36
20000,5,3,1,1224.0,5,1224,1,0,3,7,1,2.0,2,474,0,1,10
10441,5,3,2,912.0,3,970,1,0,3,6,0,0.0,5,80,32,1,14
9627,7,3,2,996.0,5,2000,2,1,3,9,1,3.0,2,190,48,1,12
