GardenSize,OverallQual,ExterQual,BsmtQual,TotalBsmtSF,HeatingQC,GrLivArea,FullBath,HalfBath,KitchenQual,TotRmsAbvGrd,Fireplaces,GarageCars,GarageCond,WoodDeckSF,OpenPorchSF,MS_zoning_RL,ModernityInYears
7086,5,3,3,1314,3,1314,1,0,3,5,0,1,3,250,0,1,53
7038,6,4,4,799,4,1571,2,1,3,7,1,2,3,0,40,1,15
7748,5,3,3,1002,3,1002,1,0,3,5,0,2,3,0,0,1,39
6219,5,3,4,731,5,1768,1,1,4,7,2,1,3,0,0,1,57
3974,5,3,3,1026,3,1691,2,0,4,6,1,1,3,0,0,1,60
8906,5,3,3,894,3,894,1,0,3,5,0,2,3,256,0,1,34
11227,6,4,4,684,5,1560,2,1,4,6,1,2,3,100,38,1,4
4640,4,3,3,796,4,1154,1,0,4,7,0,1,3,0,96,0,3
10668,6,3,4,1422,3,1422,2,0,4,7,1,2,3,276,0,1,27
7662,8,4,4,1496,5,1496,2,0,4,7,0,2,3,168,130,1,0
7487,6,3,3,814,4,913,1,0,3,6,0,1,3,0,0,1,41
12314,5,3,3,1024,3,1086,1,0,3,6,1,2,3,0,0,1,40
10279,7,3,4,1271,3,1601,2,0,3,7,1,2,3,0,0,1,31
11424,5,3,4,1040,4,1040,1,0,4,6,0,2,3,168,0,1,13
8436,7,3,3,1164,3,1164,1,1,3,6,0,2,3,0,0,1,37
7058,6,4,4,1010,5,2267,2,1,4,8,1,2,3,120,46,1,7
18741,6,3,4,1809,3,2259,2,0,4,7,2,2,3,166,120,1,54
8463,7,4,4,912,5,2094,2,1,4,8,1,2,3,182,182,0,5
8781,8,4,4,1694,5,1694,2,0,4,7,0,3,3,160,33,1,2
10765,6,3,4,1606,3,1651,2,0,3,7,1,2,3,192,0,1,22
9805,5,3,3,768,2,789,1,0,3,5,0,1,1,0,0,1,57
7960,5,3,3,912,5,912,1,0,4,5,0,2,3,0,240,1,0
10163,6,4,4,1055,5,1845,2,1,4,8,1,2,3,635,104,1,18
9454,6,4,4,783,5,1484,2,1,4,8,1,2,3,0,72,1,0
1552,7,4,4,970,5,1709,2,0,4,7,0,2,3,0,40,0,2
3626,7,4,4,625,5,1250,2,1,4,5,0,2,3,0,54,0,0
12719,10,5,5,2078,5,2084,2,0,5,7,1,3,3,188,45,1,0
7504,3,3,0,0,2,1040,2,0,3,6,0,2,3,0,0,1,56
14725,5,3,4,1360,5,1432,1,1,4,5,1,2,3,168,180,1,29
7316,5,3,3,1228,4,1228,1,1,4,6,0,1,3,0,65,1,2
8159,5,3,3,1024,3,1344,1,0,3,6,1,1,3,316,28,1,24
4740,5,3,3,864,3,864,1,0,3,5,0,0,0,0,0,1,58
8554,6,3,4,1686,3,1686,2,0,3,7,1,2,3,384,131,1,26
8371,4,3,3,1281,5,1620,2,0,3,8,1,2,3,120,78,1,16
7902,6,3,3,952,2,952,1,0,2,4,1,1,1,0,98,1,59
5899,7,4,4,1293,5,1301,2,0,4,5,1,2,3,216,121,0,0
10655,6,3,3,1505,5,1505,1,0,3,6,1,2,3,0,0,1,56
9853,4,3,3,1051,4,1382,1,1,3,6,1,2,3,0,82,1,27
5794,5,3,4,1086,3,1224,0,2,3,6,2,2,3,120,0,1,30
11901,5,3,4,1383,3,1383,1,0,3,6,1,1,3,511,116,1,54
5706,5,3,3,894,4,894,1,0,3,5,0,1,3,0,0,1,47
5716,7,3,4,1344,5,1344,2,0,3,8,0,4,3,0,0,0,10
11100,5,3,3,1050,5,1795,2,0,3,7,0,1,3,0,0,0,54
7827,5,3,3,1065,4,1065,1,1,3,6,0,2,3,74,0,1,47
7501,5,3,3,940,3,1964,1,1,3,7,0,0,0,0,192,0,58
3720,4,3,3,736,4,1452,2,0,3,8,0,0,0,0,0,0,1
9028,6,3,3,572,2,1096,1,0,3,5,0,0,0,0,8,1,58
10305,5,3,3,1248,3,2634,2,2,3,12,0,4,3,0,0,1,40
5587,7,4,4,1368,5,1368,2,0,4,6,1,2,3,132,35,1,0
3587,6,4,4,848,5,848,1,0,4,3,0,2,3,140,0,0,4
6134,5,3,3,686,4,1928,2,0,3,10,0,0,0,0,0,0,11
7264,7,4,4,1860,5,1836,2,0,4,8,1,2,3,120,33,1,1
8119,8,4,5,1453,5,2810,2,1,4,9,1,2,4,500,0,1,17
9977,10,5,5,1017,5,2007,2,1,5,10,1,3,3,168,52,0,1
10054,9,4,5,1792,5,1792,2,0,5,6,1,3,3,206,49,1,2
7552,5,4,3,968,3,968,1,0,3,5,0,2,3,0,0,0,1
9517,6,3,3,1054,3,2654,2,1,4,9,1,2,3,0,65,1,22
8668,4,3,3,672,3,672,1,0,3,4,0,1,3,0,113,1,59
5131,4,3,3,884,5,1573,1,0,4,6,0,1,3,0,0,0,14
11624,9,5,4,2153,5,2643,2,1,5,9,1,3,3,414,84,1,1
2878,7,4,5,1352,5,1352,2,0,4,5,1,2,3,0,241,0,0
5198,5,3,3,1042,5,1576,1,0,3,8,1,1,3,0,0,0,56
8039,7,4,4,1502,5,1502,2,0,4,7,0,2,3,0,114,1,0
11814,6,3,3,958,3,958,1,0,3,5,0,1,3,0,0,1,9
9286,4,3,3,648,5,960,0,0,3,3,0,1,3,88,0,1,5
12488,7,4,4,2158,4,2196,2,0,4,7,1,3,3,84,70,1,18
13212,10,4,5,2396,5,4476,3,1,5,10,2,3,3,171,78,1,11
12804,5,3,3,533,3,1601,1,0,3,6,0,1,3,280,34,1,21
7089,6,3,4,923,3,923,2,0,3,5,1,1,3,80,0,1,30
10136,6,3,4,626,3,1217,1,1,3,6,1,1,3,0,28,1,29
8185,8,4,4,1055,5,2263,2,1,4,7,1,2,3,0,45,1,6
8018,5,3,4,1268,3,1268,1,1,4,5,0,1,3,173,0,1,20
9287,6,3,3,588,3,1095,1,0,3,6,0,1,3,0,0,1,48
44293,6,3,3,907,3,2358,3,0,3,10,1,2,3,486,40,1,11
8831,6,3,3,1040,2,1309,1,1,4,5,1,2,3,265,0,1,7
8362,6,3,3,560,3,1258,1,0,3,6,0,1,3,0,0,1,59
12178,5,3,3,662,3,2337,2,0,3,10,0,2,3,0,57,0,57
9907,5,3,3,784,5,1968,2,1,3,7,1,2,3,305,189,1,39
10999,5,3,3,768,5,1200,1,0,3,6,0,1,3,0,0,1,13
7168,6,3,4,953,5,1664,2,1,3,7,1,2,3,100,40,1,6
5774,5,3,3,384,3,1360,1,0,3,6,1,2,3,0,50,1,52
6180,5,3,4,1117,3,1347,1,0,3,5,0,0,0,85,0,1,17
5194,6,3,3,960,3,986,1,0,3,5,1,1,3,0,128,0,57
7007,5,3,4,793,3,1118,1,0,3,5,1,2,3,0,0,0,56
8489,4,3,3,864,4,864,1,0,3,5,0,1,3,0,0,1,36
9907,6,3,4,1844,5,1844,2,0,3,7,1,2,3,0,122,1,33
1197,6,3,3,483,3,987,1,1,3,4,0,1,3,0,0,0,37
8993,6,3,3,1610,4,1610,2,0,4,6,2,2,3,168,68,1,9
8107,6,3,3,1084,3,1080,1,1,3,5,0,2,3,120,0,1,24
2415,8,4,4,1520,5,1567,2,0,5,7,1,3,3,312,0,1,0
10405,6,3,4,802,4,1511,2,1,3,8,1,2,3,95,75,1,9
19979,5,3,0,0,3,1771,1,0,3,9,1,2,3,0,0,1,3
12800,5,3,3,910,3,1558,1,1,3,6,0,1,3,289,0,0,57
8489,8,4,4,777,5,1911,2,1,4,8,1,2,3,182,81,1,12
7406,5,3,3,992,3,1306,1,0,3,5,0,1,3,0,0,1,9
5932,6,3,3,672,3,1369,2,0,3,6,0,1,3,147,0,0,59
9563,8,4,4,1580,5,2466,3,0,4,8,1,2,3,159,214,0,2
8701,6,3,3,912,3,1734,1,1,4,7,1,2,3,0,0,1,25
5050,6,3,3,862,3,1158,1,0,3,5,1,1,3,0,0,0,58
8722,6,3,3,1008,3,2210,2,0,2,8,0,1,3,0,48,0,57
3970,6,3,4,1078,3,958,2,0,3,5,1,2,3,0,205,1,31
10762,8,4,4,1482,5,2262,2,1,4,10,2,3,3,168,0,1,5
10261,5,3,3,768,4,1716,1,1,3,8,1,1,3,0,0,1,1
8493,4,3,3,528,5,605,1,0,3,5,0,0,0,0,0,1,5
5053,5,3,3,927,3,1539,1,1,3,5,0,2,3,112,0,0,59
1584,7,4,3,910,5,1826,1,1,5,7,1,1,2,0,0,0,4
10049,6,4,4,1200,5,1200,2,0,4,6,0,2,3,0,26,1,12
11504,5,3,3,720,3,1382,1,1,3,7,0,2,3,237,0,0,57
12182,6,3,4,616,4,1688,2,1,4,8,0,2,3,403,114,1,11
44903,8,4,4,1629,5,2448,2,1,4,8,1,3,3,517,76,1,4
10972,5,3,3,1188,2,1188,1,0,3,6,0,2,3,0,0,1,51
7158,6,3,4,1092,5,1092,1,0,3,6,0,2,4,0,0,1,44
8487,5,4,3,1113,4,1113,1,0,4,5,1,1,3,0,80,1,2
9636,4,3,3,864,3,864,1,0,3,5,1,0,0,0,0,1,39
5688,7,4,4,1364,5,1364,2,0,4,6,1,2,3,192,36,1,1
23368,5,3,3,1632,3,1632,2,0,3,8,0,2,3,0,0,1,40
6084,5,3,3,980,3,980,1,0,3,6,0,2,3,192,0,1,32
8085,5,3,3,1219,4,1265,2,0,4,6,1,2,3,0,92,1,9
11576,8,4,4,1568,5,1689,2,0,4,7,2,3,3,150,59,1,6
3033,7,4,4,1241,5,1241,1,1,4,4,0,2,3,0,116,0,0
735,4,3,3,546,3,1344,1,1,3,6,1,0,0,0,0,0,1
7878,8,4,5,1713,5,1713,2,0,5,7,1,3,3,0,26,1,4
6662,5,3,3,1269,3,1269,1,1,3,6,1,1,3,0,0,1,48
10928,6,3,3,848,3,2030,2,1,4,8,1,2,3,0,224,1,31
1434,6,3,3,855,3,1441,2,1,3,7,1,2,3,28,0,1,31
10178,9,5,5,1104,5,2184,2,1,5,10,1,3,3,0,102,1,1
9601,3,3,2,978,3,1699,2,0,3,7,0,2,2,0,74,1,39
10160,5,3,3,1040,5,1040,1,0,3,5,0,1,3,0,0,1,43
8621,7,4,4,884,5,2035,2,1,4,8,1,2,3,144,48,1,9
8035,7,3,3,815,5,1690,1,0,3,7,1,1,3,0,0,0,56
3749,7,4,4,1314,5,1314,2,0,4,6,1,2,3,172,62,1,1
10659,6,4,3,702,4,1743,1,2,3,7,1,2,3,224,0,1,39
12213,7,4,5,1104,5,2127,2,1,4,8,1,3,3,72,192,1,16
4751,5,3,3,780,5,1716,2,0,2,9,0,0,0,0,184,1,8
5013,7,4,4,1358,5,1358,2,0,4,6,1,2,3,192,35,1,0
9924,5,3,3,372,3,1109,1,0,3,5,0,1,3,35,0,1,2
1008,6,3,3,672,3,1218,1,1,3,7,0,0,0,201,0,0,35
2974,6,3,4,1069,3,1069,2,0,3,4,0,2,3,0,55,1,31
7417,5,3,3,864,4,864,1,0,3,5,1,1,3,0,0,1,44
7920,5,3,3,1008,3,1053,1,1,5,6,0,2,3,0,80,1,15
14946,5,3,4,1390,3,1701,2,0,3,6,2,2,3,0,0,1,26
7120,5,3,3,1056,2,1056,1,0,3,6,0,1,3,0,0,1,15
4657,3,3,3,1162,5,1163,1,0,3,6,0,1,3,142,98,0,1
7303,7,4,4,813,5,1665,2,1,4,7,0,2,3,0,0,0,1
11670,6,3,3,684,4,1196,1,0,4,7,0,2,3,0,46,1,9
1978,7,4,4,673,5,1382,2,1,4,6,0,2,3,153,50,0,6
8718,7,3,3,1304,4,1682,2,0,3,7,1,2,3,98,0,1,38
2603,5,3,4,547,4,1072,1,0,3,5,0,2,3,0,28,0,1
8255,5,3,4,990,5,990,1,0,3,5,0,2,3,0,0,1,13
24940,7,4,4,1210,5,2519,2,1,4,9,2,2,3,320,27,1,16
9840,7,4,4,799,5,1661,2,1,4,6,1,2,3,158,61,1,13
7670,6,3,3,1248,3,1350,1,1,3,6,0,2,3,176,0,1,44
8080,6,3,3,1156,5,1520,1,0,3,7,2,1,3,0,0,1,38
1504,7,4,4,764,5,1626,2,0,4,6,0,2,3,0,27,1,5
9456,6,2,3,1440,5,3395,2,0,2,14,0,0,0,0,110,0,12
11561,7,4,4,991,5,1947,2,1,4,8,1,2,3,0,136,0,5
6292,5,3,3,1098,3,1098,1,0,3,6,0,1,3,0,0,1,53
8462,6,3,3,1328,3,1328,1,1,3,6,2,2,3,0,26,1,47
9429,8,4,5,1709,5,1717,2,0,4,7,1,3,3,169,39,1,3
7987,7,3,3,1026,5,1820,2,0,3,8,0,1,3,0,100,1,58
5351,5,3,2,920,5,954,1,0,2,5,1,1,3,0,0,1,57
8550,5,3,3,1050,4,1050,1,0,3,5,0,1,3,0,0,1,53
7068,7,4,4,783,5,1509,2,1,4,8,1,2,3,0,75,1,3
7540,7,4,4,1274,5,1274,2,0,4,6,0,2,3,264,98,1,0
8636,7,4,4,1517,5,1535,2,0,4,7,0,2,3,0,0,1,6
9363,6,3,4,1032,3,1032,2,0,3,6,1,2,3,0,0,1,29
10179,6,3,3,854,3,1991,1,1,3,7,1,2,2,0,0,1,57
7844,4,3,3,1056,3,1056,1,0,3,5,0,1,3,0,42,0,40
33929,10,4,5,1930,5,3627,3,1,4,10,1,3,3,361,76,1,10
3586,5,3,3,440,3,694,1,0,4,4,1,1,3,0,0,1,5
10912,6,3,3,1728,3,1728,2,0,3,8,0,2,3,40,0,1,30
8676,7,4,4,1588,5,1588,2,0,4,6,0,2,3,158,29,1,7
8621,5,3,4,1389,4,1389,1,0,3,6,1,2,3,240,38,1,31
2660,7,4,4,600,5,1200,2,1,4,4,0,2,3,0,166,0,1
10791,7,3,4,808,3,1969,2,1,3,8,1,2,3,0,0,1,30
2608,8,4,4,1074,5,1088,1,1,4,5,0,2,3,0,74,1,21
8295,5,3,3,1276,3,1276,1,0,3,5,0,1,3,0,0,1,51
10123,9,4,5,1800,5,1800,2,0,5,7,0,2,3,288,136,1,2
11979,10,5,3,1237,4,2775,3,1,4,9,1,2,3,105,502,0,8
6160,5,3,0,0,3,1040,1,0,3,5,0,2,3,0,0,1,56
9476,8,4,4,1814,5,1826,2,0,4,7,1,3,3,180,75,1,0
9866,9,5,5,1822,5,1828,2,0,4,9,1,3,3,0,108,1,0
10258,7,4,4,930,4,1886,2,1,4,10,1,2,3,89,0,1,7
9066,5,3,4,1056,5,1074,1,1,3,6,0,2,3,0,88,1,31
8962,6,3,3,780,3,1611,1,1,3,7,0,2,3,328,128,1,44
20566,5,3,3,720,3,1271,2,0,3,7,1,1,3,0,0,1,58
7444,5,3,3,861,5,1367,1,0,3,7,0,1,3,0,130,1,58
19308,7,3,4,791,4,2093,2,1,3,7,1,2,3,364,63,1,17
14659,5,3,3,864,5,864,1,0,3,5,1,1,3,0,0,1,37
2603,6,3,4,547,4,1072,2,0,3,5,0,2,3,0,44,0,0
7054,6,4,4,783,5,1509,2,1,4,7,1,2,3,100,75,1,3
861,4,3,4,630,5,630,1,0,3,3,0,0,0,96,24,0,38
7072,7,4,4,1616,5,1616,2,0,4,7,0,3,3,208,59,1,1
9216,5,3,3,1073,3,1073,1,1,3,6,0,2,3,0,0,1,42
12911,5,3,3,996,5,996,1,0,3,6,1,0,0,144,0,1,39
11481,4,3,3,861,5,861,1,0,3,4,0,2,3,158,0,1,59
6625,7,4,4,560,5,1135,1,0,4,6,0,2,3,256,0,1,2
10738,10,5,5,1700,5,1718,2,0,5,7,1,3,3,216,48,1,2
9156,7,2,3,925,3,1889,1,1,3,9,1,1,3,0,0,0,57
8060,5,3,3,1144,3,1144,1,1,3,6,0,1,3,0,88,1,45
5116,5,3,3,884,5,1348,1,0,3,5,1,1,3,0,0,0,12
12304,6,3,3,1073,5,1811,1,0,5,6,1,2,3,0,0,1,2
2069,8,4,4,1247,5,1247,1,1,4,4,1,2,3,0,84,0,1
9441,7,3,4,980,3,1714,2,1,3,7,1,2,3,228,66,1,22
9615,6,5,4,1184,5,1414,1,0,3,6,1,2,3,0,51,1,6
8468,5,3,3,616,3,1111,1,0,3,5,0,1,2,48,0,1,58
12960,5,3,3,1152,3,1152,1,0,3,6,1,2,3,227,0,1,46
15457,6,3,4,1362,3,1586,2,0,3,7,1,2,3,192,0,1,11
15189,9,5,5,2216,5,2234,2,0,5,9,1,3,3,0,60,1,0
7267,4,3,3,858,3,858,1,0,3,5,0,0,0,0,0,1,35
7947,5,3,3,833,5,833,1,0,3,5,0,0,0,0,0,1,24
7435,6,4,4,1682,5,1700,2,0,4,7,0,2,3,192,23,1,3
7956,6,3,3,1416,3,1644,1,0,3,7,2,2,3,110,0,1,56
10217,6,3,3,1383,3,1383,1,1,3,7,0,1,3,0,45,1,46
7733,7,4,4,992,5,2060,2,1,4,8,1,2,3,0,0,1,10
2129,7,4,4,1373,5,1555,2,0,4,7,1,3,3,143,20,1,2
7251,6,3,3,1012,3,1012,1,0,3,6,1,1,3,0,22,0,57
8175,5,3,3,925,5,925,1,0,3,5,0,1,3,0,0,1,44
7359,7,4,4,1414,5,1414,2,0,4,6,0,2,3,132,105,1,6
7457,3,2,3,1013,3,1526,1,0,2,6,0,0,0,0,0,0,27
6681,5,3,3,1626,5,1712,2,0,3,8,0,2,3,272,54,1,1
7651,4,3,0,0,5,1126,2,0,4,5,0,2,3,0,96,1,6
7911,5,3,2,636,3,1750,1,0,5,8,0,1,1,0,0,0,15
5214,6,4,3,698,3,1176,1,0,3,4,0,2,3,210,0,0,9
9740,8,4,4,1406,5,1936,2,1,4,7,1,2,3,188,124,1,6
6482,4,3,3,858,3,858,1,0,3,4,0,1,3,0,0,1,36
14532,8,4,4,1079,5,1919,2,1,4,8,1,2,3,0,51,1,0
6202,7,3,2,596,5,1762,1,1,4,8,0,2,3,36,0,0,56
6468,6,3,3,864,5,864,1,0,4,4,0,1,3,168,0,1,47
1684,7,4,4,764,5,1626,2,1,4,6,0,2,3,0,27,1,4
12460,7,4,4,1204,4,2183,2,1,4,9,0,3,3,0,0,1,18
5502,6,3,4,768,3,790,1,0,3,4,0,1,3,0,141,1,58
6783,5,3,3,1148,3,1148,1,0,3,6,0,1,3,0,0,1,50
9382,7,3,3,803,3,1964,2,1,3,8,1,2,3,0,69,1,32
4267,8,3,3,588,2,1666,1,0,4,7,1,1,3,192,63,0,12
7400,5,4,4,985,3,985,2,0,3,6,0,1,3,210,0,1,31
6840,7,4,4,1358,5,1358,2,0,4,6,1,2,3,192,30,0,4
3578,6,4,4,848,5,848,1,0,4,3,0,2,3,160,0,0,6
4005,8,4,4,1501,5,1659,2,0,5,5,1,2,3,212,59,1,9
9798,8,4,5,2046,5,2046,2,1,4,7,1,3,3,322,82,1,1
9324,7,4,4,992,5,1865,2,1,4,7,1,3,3,0,184,1,8
10443,6,3,3,844,4,2134,2,0,4,10,0,2,3,0,60,1,15
8528,7,4,4,1347,5,2646,2,1,4,9,1,3,3,340,60,1,16
8532,7,4,4,1552,5,1552,2,0,4,7,0,3,3,144,20,1,0
7983,5,3,4,864,3,902,1,0,3,5,0,2,3,164,0,1,23
12056,5,3,3,912,3,912,1,0,3,4,0,1,3,140,0,1,46
30114,6,3,3,1080,2,1656,1,0,3,7,2,2,3,210,62,1,50
17914,6,3,3,1362,3,1382,1,0,3,6,1,2,3,0,0,1,47
6380,5,3,0,0,3,2020,2,0,3,10,2,2,3,0,0,0,30
7764,6,3,3,1010,4,1052,1,0,3,6,0,2,3,0,0,1,39
11102,6,3,4,1542,3,2073,2,0,3,7,2,2,3,349,0,1,22
8062,8,4,4,1004,5,1852,2,1,4,7,2,3,3,224,106,1,8
10146,4,3,3,1104,5,1788,1,0,3,8,2,1,3,120,0,1,20
12157,9,5,5,1734,5,2822,3,1,5,12,1,3,3,52,170,1,0
9782,6,4,3,1258,5,1258,2,0,4,5,0,2,3,55,0,1,4
14498,6,3,4,928,5,1764,2,1,4,7,0,2,3,276,99,1,12
10417,5,3,3,928,4,1920,2,0,3,10,0,2,2,0,0,1,57
10508,6,3,3,1392,3,1392,1,1,3,6,2,2,3,0,0,1,51
11080,10,5,5,2392,5,2392,2,0,5,8,1,3,3,248,105,1,6
5384,5,3,3,616,4,616,1,0,3,4,0,1,3,0,0,0,56
9750,8,4,5,1034,5,2078,2,1,5,8,1,3,3,0,102,0,0
4197,5,3,3,720,1,803,1,0,3,5,0,2,3,0,0,0,57
12848,6,3,3,1092,5,1152,1,0,4,6,1,1,3,0,36,1,5
7855,6,3,3,1127,3,1165,1,1,3,6,0,2,4,0,129,1,42
5228,4,2,0,0,2,1092,2,0,2,7,0,0,0,0,0,0,60
6472,7,3,3,994,4,1804,2,1,4,7,1,2,3,140,60,1,11
8970,7,3,3,570,4,1920,3,0,4,8,1,2,3,0,98,1,14
5243,4,3,3,672,3,1324,1,0,3,6,0,1,3,0,0,0,59
9150,8,4,4,1844,5,1844,2,0,4,7,1,2,3,165,44,1,3
13801,7,3,3,1501,3,1801,2,0,3,6,2,2,3,0,54,1,13
6096,4,3,3,864,3,864,1,0,4,5,0,2,3,96,0,1,39
8589,7,3,3,756,4,1717,1,0,4,7,1,3,3,0,35,1,36
8913,4,3,3,960,3,960,1,0,3,6,0,2,3,0,288,1,36
8592,5,3,3,728,5,1644,1,1,4,7,2,1,3,168,0,1,12
10963,8,4,5,1136,5,2468,2,1,4,10,1,3,3,184,154,1,3
13319,5,3,4,796,5,1362,1,1,3,5,0,2,3,40,30,1,14
9902,6,4,4,1298,3,1298,2,0,4,5,1,2,3,165,26,1,21
16755,8,4,3,916,4,1742,1,1,4,8,1,2,3,0,169,0,23
8790,6,3,4,1064,3,1350,2,0,3,7,1,2,3,0,0,1,35
4888,4,3,0,0,3,1152,2,0,2,6,0,0,0,0,0,1,53
3291,7,3,4,723,5,767,1,0,3,4,0,1,3,120,40,0,9
4111,5,3,3,540,4,1440,1,0,3,6,0,1,3,0,0,0,56
9141,5,3,3,1214,3,1214,2,0,3,5,1,1,3,0,111,1,40
21196,5,4,4,732,5,1838,2,1,3,7,1,2,3,100,40,1,1
9562,8,4,4,893,5,1801,2,1,4,8,1,3,3,0,116,1,1
6460,5,3,3,1040,2,1040,1,1,3,5,0,1,3,0,0,1,47
10307,7,3,4,1475,5,2329,2,1,4,10,1,2,3,192,121,1,18
8412,8,4,4,1588,5,1588,2,0,4,7,1,3,3,144,45,1,1
10383,8,4,4,1574,5,1574,2,0,4,7,1,3,3,144,104,1,2
5222,5,3,3,994,3,2372,2,0,3,11,0,1,3,0,287,0,44
12667,8,4,4,2033,5,3238,2,1,4,9,1,3,3,283,86,1,14
7932,5,4,4,870,5,914,1,0,3,5,0,2,3,0,0,1,10
8768,7,3,3,728,5,1641,1,1,5,6,1,2,3,0,0,0,16
5112,5,3,3,1078,3,1573,2,0,3,8,1,2,3,0,0,0,16
12643,7,3,4,1372,3,1472,2,0,3,6,2,2,3,233,48,1,29
8696,6,3,4,1054,4,1054,1,1,3,6,0,2,3,180,0,1,39
9903,8,4,4,866,5,1768,2,1,4,7,0,2,3,144,105,1,2
7804,6,3,4,1196,4,1196,1,0,3,6,1,1,3,0,44,1,52
9619,7,4,4,998,5,2046,2,1,4,8,1,3,3,320,62,1,4
6336,5,3,3,864,4,864,1,0,4,5,0,2,3,194,0,1,5
8030,5,3,3,948,3,948,1,0,3,6,0,1,3,147,0,1,39
6888,5,3,3,912,3,912,1,0,3,5,0,1,3,0,0,1,42
2520,7,4,5,1258,5,1402,0,2,4,7,1,3,3,120,16,1,0
1386,6,3,3,483,3,987,1,1,3,5,0,1,3,0,0,0,38
3652,5,3,3,793,5,1520,1,0,3,6,0,1,3,0,0,0,9
7657,4,3,2,836,3,1220,1,0,3,6,0,2,3,0,0,1,55
6987,7,4,4,1500,5,1500,2,0,4,6,0,2,3,192,36,1,5
23923,5,3,3,816,5,1416,2,0,4,7,0,2,3,0,0,1,0
17693,7,3,4,1947,3,2207,2,0,3,7,1,2,3,301,0,1,21
5554,7,4,4,1187,5,1208,2,0,4,6,0,2,3,105,61,1,4
13156,6,3,3,1144,5,1429,1,0,4,7,2,2,3,216,110,1,20
6271,4,3,4,1440,3,1440,2,0,3,8,0,0,0,321,0,1,30
9208,6,3,4,1212,5,1212,2,0,4,6,0,2,3,100,22,1,1
11123,7,5,3,944,4,999,1,0,5,6,0,2,3,144,76,1,1
7788,8,5,3,1142,5,2715,3,1,4,11,2,2,3,0,204,1,12
11871,4,3,3,864,3,864,1,0,3,5,0,2,3,216,0,1,36
9580,9,4,4,1626,5,1668,2,0,4,7,1,3,3,257,45,1,5
10489,7,3,3,1386,3,1411,2,0,3,6,1,2,3,192,0,1,32
14758,8,4,4,1288,5,2417,2,1,4,9,1,2,3,127,82,1,14
7242,4,3,3,948,5,948,1,0,3,5,1,1,3,0,36,1,53
10278,7,3,4,728,3,2019,1,0,4,8,0,2,3,509,135,1,16
12240,5,3,4,747,4,1784,1,1,3,9,0,1,2,203,40,1,56
3036,8,4,4,1554,5,1554,2,0,4,6,1,2,3,156,73,1,1
9983,6,3,2,952,3,2112,2,1,3,9,2,2,3,280,0,1,39
3938,4,3,3,747,3,1230,1,1,3,5,0,1,3,0,57,1,56
7883,6,3,4,616,5,1412,2,1,4,6,1,2,3,0,36,1,0
7979,6,3,3,1161,3,1381,1,1,4,5,1,2,3,0,0,1,4
7968,6,3,3,1240,4,1632,2,0,3,6,1,1,3,289,0,1,21
8533,4,3,4,1067,3,1067,2,0,4,4,0,2,3,290,0,1,15
6806,7,4,0,0,5,1922,3,0,4,7,1,2,3,0,0,1,6
10330,7,4,4,920,5,1786,2,1,4,6,1,2,3,0,42,1,6
8390,8,4,5,1686,5,1694,2,0,4,7,1,2,3,255,57,1,2
7028,6,3,3,972,5,972,1,0,3,5,1,1,3,0,0,1,7
7308,5,3,3,864,3,864,1,0,3,5,0,2,3,0,0,1,16
6073,6,3,3,780,3,1796,1,1,3,8,1,2,3,0,50,1,45
3578,6,4,4,848,5,848,1,0,4,3,1,2,3,149,0,0,4
8775,5,3,3,1070,3,1236,1,0,4,6,1,1,3,0,0,1,10
13215,5,3,0,0,4,2320,2,0,3,7,1,2,3,120,144,1,56
9774,8,4,5,1704,5,1704,2,0,4,7,1,3,3,0,50,1,2
9838,6,3,4,1193,3,1523,2,0,3,7,1,2,3,0,0,1,32
1678,7,4,4,1346,5,1504,2,0,4,7,1,2,3,156,20,1,2
6747,6,3,3,771,2,1494,1,0,4,7,2,1,3,0,0,1,59
9600,5,3,4,1200,3,1200,3,0,3,5,0,0,0,120,0,1,21
7668,5,2,3,540,3,1044,1,0,2,4,0,2,3,0,0,0,58
8884,6,3,3,1116,3,1116,1,1,3,5,0,2,3,0,0,1,48
20312,5,3,3,1324,5,1576,1,1,4,6,1,2,3,0,312,1,5
7927,6,4,4,864,5,1728,2,1,4,7,0,2,3,216,56,0,5
12630,8,4,4,1566,5,1600,2,0,4,7,1,3,3,0,56,1,2
12235,9,4,5,1922,5,1922,2,0,4,8,1,3,3,178,51,1,1
9193,7,3,4,384,5,1430,2,1,3,8,1,2,3,100,0,1,7
9440,8,4,4,1656,5,1656,2,0,4,7,0,3,3,0,146,0,1
9753,4,3,2,641,4,1047,1,0,3,6,0,1,2,0,0,0,12
18583,9,5,5,1848,5,2728,2,1,5,10,2,3,3,0,0,1,0
8750,6,3,3,1425,4,1425,2,0,3,7,1,2,3,0,0,1,44
6279,7,4,4,1221,5,1221,2,0,4,6,0,2,3,0,113,0,4
12578,5,3,4,990,5,990,1,0,3,5,0,2,3,224,0,1,11
20465,6,3,3,938,5,988,1,0,3,4,2,2,3,0,130,1,37
7095,7,4,4,1454,5,1434,2,0,4,6,1,2,3,290,39,1,8
11174,8,5,5,1234,5,2576,2,1,5,10,1,3,3,324,100,1,0
9256,7,3,4,832,4,1718,2,1,3,7,1,2,3,0,94,1,11
6922,6,3,3,1478,4,1478,1,1,3,6,2,2,3,114,0,1,52
2974,6,3,4,1069,3,1069,2,0,3,4,1,2,3,0,55,1,33
5906,9,5,5,1752,5,1752,2,0,5,6,1,2,3,196,82,1,5
6403,5,3,3,1075,4,1507,2,0,3,7,0,1,3,0,0,1,48
10404,7,4,4,1379,5,2398,2,1,4,8,1,3,3,239,60,1,10
8161,5,3,0,0,3,1664,2,0,3,8,0,0,0,0,0,1,45
9202,8,4,4,1030,4,2098,2,1,5,8,1,3,3,192,52,1,1
5064,4,2,2,936,3,936,1,0,3,4,0,2,3,0,32,0,56
10944,6,3,3,672,3,1386,2,1,3,6,1,2,3,335,0,1,32
8349,8,4,5,707,5,1414,2,1,4,6,1,2,3,100,35,1,2
11309,7,4,4,1494,5,1494,2,0,4,6,1,2,3,192,36,1,6
1658,7,4,4,1375,5,1414,2,0,4,6,1,2,3,144,20,0,2
3296,6,3,5,1204,5,1204,2,0,3,5,0,2,3,0,247,0,11
11815,10,5,5,2076,5,2076,2,1,5,7,1,3,3,216,229,1,0
8857,5,3,3,1056,3,1063,1,0,3,6,0,1,3,0,0,1,56
5271,5,3,3,876,3,902,1,0,3,6,0,1,3,0,0,1,40
11914,6,3,4,1158,5,1158,1,1,4,5,0,2,3,0,50,1,2
12396,5,3,4,876,5,964,1,0,3,5,0,2,3,0,0,1,3
6446,6,3,4,1408,5,1679,2,0,4,7,1,2,3,224,42,1,10
12603,6,3,3,1477,5,1839,2,0,4,7,2,2,3,0,87,1,3
6316,5,3,3,864,3,864,1,0,3,5,0,1,3,0,0,1,36
10112,7,4,4,807,4,1982,2,1,4,7,1,2,3,0,84,1,18
10925,8,4,4,1086,5,1924,2,1,4,7,1,2,3,208,75,1,8
9642,7,4,4,1276,5,2080,1,1,4,9,2,1,3,0,0,1,5
9238,5,3,3,912,5,912,1,0,3,5,0,1,3,0,0,1,49
5099,4,3,3,901,5,901,1,0,3,4,0,1,3,0,0,0,8
7720,5,3,0,0,5,1340,1,0,3,7,1,1,3,116,0,1,1
8219,9,5,5,1930,5,1940,2,1,5,8,1,3,3,168,95,1,0
8309,6,3,3,994,4,1855,2,0,3,7,0,1,3,182,0,1,34
8296,5,3,4,840,4,884,1,0,4,5,0,2,4,240,0,1,24
5784,5,4,3,816,5,816,1,0,4,5,1,1,3,0,0,1,0
2780,5,3,3,720,3,1284,1,1,3,5,0,1,3,0,35,0,59
9526,6,3,4,975,3,1004,1,0,3,4,0,2,3,0,0,1,29
7656,5,2,4,816,3,816,1,0,3,5,0,2,3,106,0,0,47
7822,6,3,4,1065,5,1635,1,1,3,6,1,2,3,0,38,1,57
7632,5,3,3,1088,3,1869,1,0,3,7,0,2,3,48,0,0,13
10655,4,3,0,0,5,845,1,0,3,5,0,1,3,186,0,1,52
7562,5,3,3,686,4,1250,1,1,2,7,0,1,3,207,0,1,56
8949,5,3,4,971,3,971,1,1,3,5,1,1,3,0,0,1,37
10064,7,3,4,1362,5,2082,2,1,4,6,0,2,3,280,238,0,5
9111,7,3,3,1907,4,1959,3,0,3,9,0,3,3,0,0,1,17
10765,8,4,4,1181,5,2374,2,1,5,10,1,3,3,104,100,1,3
11818,6,3,4,896,3,2142,2,1,4,8,1,1,3,0,72,1,41
7211,5,3,0,0,4,1124,1,0,3,5,1,0,0,0,36,1,52
8322,8,4,5,1053,5,1992,2,1,4,9,1,2,3,140,45,0,4
8460,7,4,5,1650,5,1680,2,0,4,7,1,2,3,78,73,1,10
113325,7,3,4,1643,3,1824,2,0,4,5,2,2,3,380,48,1,5
14183,9,4,5,1833,5,1850,2,0,4,8,1,3,3,519,112,1,1
9298,5,3,3,644,4,1355,2,0,3,6,0,0,0,140,0,1,9
10477,7,4,4,840,5,1668,2,1,4,8,0,2,3,144,68,1,4
6885,6,3,3,319,3,1406,1,0,2,6,0,0,0,0,144,0,58
14604,6,4,3,1517,5,1888,2,1,4,6,1,2,3,0,0,1,8
3443,8,4,4,1228,4,1228,2,0,4,5,1,2,3,168,120,1,19
8099,6,3,4,943,4,1638,2,1,3,7,2,2,3,100,38,1,10
9961,4,3,3,960,3,960,1,0,3,6,0,1,3,120,0,1,42
2673,6,3,4,942,4,2521,2,1,3,10,1,2,3,728,20,0,33
9746,7,4,4,712,5,1895,2,1,4,7,1,2,3,143,46,1,12
5757,5,3,3,912,3,1236,1,0,3,6,1,1,3,0,0,1,12
5483,5,3,0,0,3,1535,2,0,3,8,0,2,3,0,0,1,30
1260,4,3,4,630,4,630,1,0,3,3,0,0,0,88,0,0,36
1671,4,3,3,546,3,1092,1,1,3,6,0,1,3,238,0,0,39
11521,9,4,5,1652,5,1652,2,0,5,6,2,2,3,404,102,1,2
10351,8,4,5,1734,5,1734,2,0,5,7,1,3,3,0,0,1,0
8191,8,4,5,1795,5,1795,2,0,4,7,1,3,3,0,49,1,0
12163,7,4,4,1541,5,1541,2,0,4,6,1,3,3,468,81,1,4
7067,9,5,5,1702,5,1702,1,1,5,7,1,3,3,0,72,1,0
30841,4,3,3,1249,5,1622,1,0,3,7,1,4,3,439,0,1,32
7903,7,4,4,1468,5,1479,2,0,4,6,0,2,3,120,25,1,8
1197,6,3,3,483,3,987,1,1,3,5,0,1,3,0,0,0,37
11054,8,4,4,559,4,1752,2,0,3,8,0,2,3,325,12,1,5
7348,5,3,3,720,5,2192,2,1,4,8,1,1,3,262,24,1,11
8386,8,4,4,2000,5,2000,2,0,4,8,0,3,3,168,0,1,2
7411,5,3,4,1125,4,1125,1,1,3,5,0,2,3,80,64,1,0
6861,5,3,3,731,5,1343,1,1,3,7,1,1,3,192,0,1,59
8064,6,3,3,1136,3,1136,1,0,3,5,1,1,3,426,0,1,43
157556,6,4,4,1444,4,2144,2,0,4,7,2,2,3,0,98,1,1
6551,6,3,3,839,5,1593,2,1,3,8,1,2,3,100,75,1,4
8488,6,3,3,856,5,1668,1,1,3,6,0,1,3,0,0,1,4
6754,4,3,3,845,3,845,1,0,3,4,0,2,3,0,0,1,1
8432,6,3,4,824,5,1786,2,1,4,7,0,2,3,0,162,1,10
9299,6,3,4,936,5,1792,2,1,3,8,1,2,3,0,0,1,8
8852,5,3,3,1398,4,1700,1,1,4,6,1,2,3,0,38,1,51
8091,8,4,4,1284,5,2169,2,1,4,7,1,2,3,192,87,1,5
7820,6,3,3,780,3,1376,2,0,3,7,1,1,3,0,0,0,56
8166,6,3,3,1436,2,1689,1,0,3,7,1,2,3,0,0,1,53
8822,5,3,4,1176,4,1178,1,1,4,5,1,2,3,224,0,1,8
11789,5,3,3,876,4,1416,1,1,3,7,1,3,3,418,0,0,58
6284,5,3,3,816,3,816,1,0,3,5,0,1,3,0,0,1,49
5044,5,3,3,676,5,1131,1,1,3,5,0,1,3,26,0,0,59
9846,5,3,3,1154,5,1154,1,1,3,6,1,2,3,0,58,1,43
7563,5,3,3,672,3,1285,1,0,3,6,0,1,3,0,0,0,7
7726,7,3,4,384,4,1474,2,1,3,7,1,2,3,120,72,1,13
8330,6,3,3,800,4,1632,1,1,4,7,0,2,3,0,40,1,8
8643,8,3,4,1563,5,1563,2,0,4,6,1,3,3,144,99,1,1
51564,4,3,4,1364,5,1663,1,0,4,6,2,2,3,224,137,1,14
7816,8,4,4,1184,5,2610,2,1,5,11,1,2,3,208,364,0,0
8230,5,4,3,768,5,792,1,0,4,5,0,1,2,316,0,1,3
7369,7,4,4,1391,5,1962,2,1,4,7,0,3,3,0,90,1,0
7691,7,4,4,1302,5,1302,2,0,4,6,0,2,3,0,22,1,0
3666,6,3,2,648,3,1118,1,0,3,6,0,2,3,0,0,0,56
9549,6,3,3,981,3,981,1,1,3,5,0,2,3,0,312,1,36
10101,8,4,4,1128,5,2290,2,1,4,9,1,2,3,0,0,1,6
8575,6,3,4,1040,3,1097,2,0,3,6,0,2,3,0,0,1,25
13138,6,4,3,1296,5,1640,1,0,4,7,1,2,3,108,0,1,2
9558,6,3,4,806,4,1572,2,1,3,7,1,2,3,0,40,1,11
10470,5,3,3,874,3,1524,1,1,3,7,0,1,3,0,0,1,49
7392,5,3,3,672,5,924,1,0,3,6,1,2,3,0,0,1,1
13031,6,3,3,819,4,1344,1,0,4,7,1,2,3,0,118,1,51
6532,7,3,3,1040,5,1818,1,1,3,7,2,1,3,0,0,0,57
9574,9,4,5,1440,5,2153,2,1,5,8,2,3,3,253,142,1,9
11229,6,3,3,832,4,2087,2,1,4,9,0,2,3,133,168,1,0
7962,2,3,3,290,3,438,1,0,2,3,0,1,3,0,0,1,59
13648,8,4,3,2217,5,2217,2,0,4,8,1,2,3,81,207,1,37
5072,8,4,4,1370,5,1370,2,0,4,6,1,2,3,120,49,1,1
5938,6,4,4,1262,4,1262,2,0,4,5,0,2,3,0,120,0,0
10492,7,4,4,817,5,1894,2,1,4,8,1,2,3,0,40,1,7
10336,8,5,5,1694,5,1694,2,0,4,7,0,3,3,168,228,1,0
9636,4,3,3,864,4,864,1,0,3,4,0,2,3,216,0,1,38
1552,6,4,4,970,5,1709,2,0,4,7,0,2,3,0,40,0,0
11232,4,3,3,715,4,1738,2,0,3,7,1,1,3,55,0,1,2
9315,5,3,3,608,3,1319,1,0,3,5,0,1,3,66,0,1,56
10677,7,3,4,1673,4,3222,3,0,4,11,2,3,3,367,0,1,20
6964,6,3,4,953,5,1647,2,1,3,7,1,2,3,0,40,1,7
4044,3,3,3,728,5,1306,1,0,2,6,0,0,0,263,0,1,44
7677,5,3,4,768,3,768,1,0,3,5,0,2,3,58,0,1,2
6343,5,3,3,991,5,1077,1,0,3,5,2,1,3,0,4,1,58
5321,3,3,3,649,5,1183,1,1,3,6,0,1,3,0,176,0,5
6258,5,3,3,876,3,904,1,0,3,6,0,1,3,0,0,1,42
7733,7,4,4,975,5,2291,2,1,4,8,1,2,3,192,0,1,7
7066,5,3,4,924,3,924,1,0,3,5,0,1,3,0,0,1,33
10732,10,5,5,1682,5,2332,2,1,5,9,1,3,3,196,134,1,0
9534,7,3,4,866,5,1779,2,1,4,6,0,2,3,198,36,1,11
9893,6,3,4,959,5,1671,2,1,3,7,1,2,3,0,38,1,6
21143,7,3,4,729,5,1446,2,1,3,6,1,2,3,264,22,1,11
16026,7,4,3,1192,3,2167,2,1,4,9,2,2,3,220,47,1,4
6904,5,3,3,773,4,773,1,0,3,4,0,1,3,0,0,1,55
7172,8,4,4,832,5,1935,2,1,3,8,0,2,3,0,150,0,0
11588,9,5,5,1698,5,1698,2,0,5,8,1,3,3,327,64,1,1
18625,7,3,3,1568,3,2156,2,0,3,9,1,2,3,0,80,1,3
7372,5,3,3,1728,3,1728,2,0,3,10,0,2,3,0,0,0,43
8937,7,4,4,866,4,1768,2,1,4,7,0,2,3,0,108,0,3
7830,5,3,4,894,4,894,1,0,3,5,1,2,3,0,0,1,39
8832,5,3,2,264,5,1432,2,0,3,7,0,2,4,270,0,0,5
4312,8,3,3,684,2,2358,2,0,3,8,0,0,0,0,54,0,21
10251,7,4,4,1153,5,2031,2,1,4,8,1,2,3,192,84,1,9
12763,9,5,5,1838,5,1838,2,0,5,8,1,3,3,270,68,1,3
12398,5,4,3,1052,5,1920,2,0,4,8,1,2,3,0,0,1,48
6999,4,3,2,622,4,1363,1,0,3,6,0,2,3,0,0,0,60
7556,5,3,3,894,5,894,1,0,3,5,1,1,3,416,144,1,1
10871,6,3,3,727,5,1556,1,1,3,8,0,2,3,0,0,1,41
7360,5,3,3,1584,3,1584,2,0,3,8,0,3,3,0,152,1,42
5483,5,3,0,0,3,1535,2,0,3,8,0,2,3,0,0,1,30
9944,6,3,4,940,3,1026,1,0,3,5,0,2,2,0,0,1,30
16077,5,3,4,1140,5,1140,1,0,3,6,0,0,0,36,56,1,0
9275,7,3,4,1107,5,2090,2,1,3,7,2,2,3,235,204,1,36
6428,7,4,4,798,5,1640,2,1,4,6,0,2,3,0,45,1,5
12738,5,3,3,1188,4,1437,1,1,3,6,1,2,3,304,0,1,19
7857,6,3,4,916,4,1600,2,1,3,7,1,2,3,100,38,1,10
3082,5,3,4,1142,3,1142,1,1,3,6,1,2,3,536,90,0,31
5558,6,3,3,742,5,1484,2,0,3,9,1,0,0,0,291,0,7
9716,5,3,3,1164,3,1164,1,0,3,5,0,1,3,0,48,1,58
5806,5,3,3,596,3,1192,1,0,3,6,0,1,2,0,0,0,59
8524,5,3,3,768,3,1376,1,0,3,6,1,1,3,0,0,1,57
6971,8,4,4,408,5,1419,2,1,4,7,1,2,3,120,0,1,7
1348,6,4,4,756,5,1573,2,1,4,5,0,2,3,0,32,0,10
11472,7,4,4,963,5,1792,2,1,4,7,1,2,3,0,96,1,7
7994,5,3,3,1006,3,1006,1,0,3,5,0,0,0,0,24,1,49
6423,6,3,4,744,3,752,1,0,3,4,0,1,3,353,0,1,26
12165,7,3,3,800,3,1740,1,1,3,6,2,1,3,0,0,1,23
8828,6,3,4,808,4,1593,2,1,3,7,1,2,3,342,40,1,16
7610,5,3,3,910,2,1385,2,0,3,6,0,2,3,0,0,1,58
12372,5,3,4,928,3,928,1,0,3,4,0,1,3,261,0,1,7
22370,7,4,5,868,5,2021,2,1,4,9,1,2,3,0,100,1,0
8160,7,4,4,1689,5,1689,2,0,4,7,0,3,3,0,56,1,0
1536,7,4,4,600,5,1252,2,1,4,4,0,2,3,0,48,0,8
6856,6,3,3,714,3,2526,2,0,4,10,1,1,3,88,15,0,57
13029,10,5,5,3094,5,2402,2,0,5,10,2,3,3,0,72,1,1
6373,5,3,0,0,5,827,1,0,3,5,1,1,3,0,0,1,3
12492,6,3,3,1127,5,2108,2,0,4,7,2,2,3,0,0,1,22
8736,7,4,4,1203,5,2520,2,1,4,9,1,3,3,224,114,1,12
9262,3,3,0,0,2,944,1,0,2,4,0,2,2,0,0,1,57
7609,5,3,3,912,3,912,1,0,3,5,1,1,3,0,0,1,43
10950,6,3,4,585,5,1868,3,1,3,7,1,2,3,268,112,1,4
12455,6,3,3,764,5,1824,1,0,3,8,1,2,3,0,0,1,57
7708,7,3,4,900,5,1852,2,1,4,7,1,2,3,168,108,0,0
9758,5,3,3,440,4,1230,1,1,3,5,0,2,3,74,0,0,28
6420,7,3,4,1080,5,1080,1,0,4,6,0,0,0,0,0,1,3
10476,7,3,4,1649,5,1661,2,0,4,6,0,2,3,0,34,1,12
6730,7,4,3,912,4,1426,1,1,4,7,1,1,3,0,240,1,9
8709,3,3,3,1007,2,1077,1,0,3,6,1,1,2,0,100,0,56
10042,6,4,4,1208,3,1208,1,1,3,6,1,2,3,198,42,1,29
8852,5,3,3,612,5,2601,3,1,3,8,0,2,3,183,0,1,10
13758,5,3,3,1092,3,1092,1,0,3,6,1,1,3,268,0,1,49
7274,7,4,4,884,5,1768,2,1,4,8,0,2,3,0,63,1,5
5557,8,4,5,1267,5,1296,2,0,4,6,0,2,3,192,25,1,7
7785,5,3,4,990,4,990,1,0,3,5,0,1,3,0,64,1,13
9727,8,4,4,1489,5,1489,2,0,4,7,1,2,3,0,140,0,0
13083,7,4,5,1063,5,2172,2,1,4,9,1,3,3,192,62,1,1
6171,7,4,4,746,5,1656,2,1,4,7,1,2,3,178,128,1,4
6644,6,4,4,1218,5,1218,2,0,4,4,0,2,3,0,102,0,0
8168,7,3,3,650,5,1482,1,0,3,7,0,2,3,0,0,0,21
1453,6,3,3,855,3,1322,2,1,3,6,1,2,3,260,0,1,35
4309,6,3,3,485,4,1635,1,0,4,5,0,1,3,394,0,0,3
16122,6,3,3,1478,5,1478,2,0,3,6,2,2,3,0,40,1,49
7752,5,3,3,658,3,1184,1,0,3,8,0,0,0,0,151,1,10
7594,7,4,4,856,5,1710,2,1,4,8,0,2,3,0,61,1,5
6628,6,3,4,888,5,912,1,0,3,5,1,2,3,0,0,1,29
2024,7,4,4,600,5,1223,2,1,4,4,0,2,3,0,166,0,1
8981,5,3,4,384,4,1394,2,1,4,7,0,2,3,100,0,1,1
7510,5,3,3,970,3,970,1,0,3,5,0,2,3,0,24,1,44
7369,7,4,4,756,5,1553,2,1,4,6,0,2,3,0,45,0,0
10785,7,4,4,860,5,1720,2,1,4,7,0,2,3,0,70,1,2
7981,5,3,2,796,4,796,1,0,3,4,0,0,0,328,0,1,58
12591,5,3,3,935,3,935,1,0,3,5,0,1,3,180,0,1,41
5011,6,3,3,976,5,1608,2,1,4,7,1,1,3,147,16,1,19
11847,6,4,4,742,5,1484,2,1,4,8,1,2,3,36,24,1,4
4242,7,4,4,1064,4,1767,2,0,4,5,1,2,3,441,35,1,19
4871,6,3,3,813,5,813,1,0,4,5,0,1,2,0,113,0,1
6260,6,3,3,520,4,754,1,0,3,5,0,0,0,53,0,0,24
25581,7,3,4,585,5,2069,2,0,4,9,1,2,3,0,0,1,1
5404,6,3,2,611,5,1362,2,0,3,6,0,2,2,0,0,0,9
9030,7,3,4,1090,3,1370,2,0,3,6,1,2,3,0,0,1,33
12792,6,4,3,725,5,1479,2,1,4,6,0,2,3,0,44,1,5
6160,4,3,0,0,3,1040,1,0,3,4,0,2,3,0,29,1,56
6160,4,3,0,0,2,1040,2,0,3,6,0,2,3,0,0,1,59
6687,7,3,2,793,4,1802,1,1,3,9,1,1,3,0,0,1,56
24246,4,3,3,1064,4,1040,1,0,3,5,0,2,3,0,0,1,44
8316,6,3,4,1350,3,1334,2,0,3,6,1,2,3,0,16,1,32
9186,7,4,4,956,5,2084,2,1,4,8,0,2,3,0,45,1,6
10148,7,4,4,1080,5,2097,2,1,4,9,1,3,3,196,187,1,15
3125,8,4,4,1573,5,1625,2,0,4,5,1,2,3,123,0,0,0
14289,7,4,3,1304,3,2287,2,0,3,7,1,2,3,0,21,1,53
7872,5,3,3,936,3,1128,1,0,3,5,0,1,3,0,0,1,52
11202,6,4,4,992,5,2054,2,1,4,7,1,2,3,24,48,1,9
14414,5,3,3,1165,3,1336,1,0,3,5,2,1,3,0,0,1,53
8045,8,4,4,1396,5,2392,2,1,4,7,1,3,3,0,70,1,8
9127,8,4,4,1719,5,1719,1,1,4,6,2,2,3,122,30,1,15
9721,7,4,4,1223,5,2127,2,1,4,5,2,2,3,171,132,1,14
9882,5,3,3,913,3,1558,1,1,3,6,1,1,3,0,0,1,58
6623,5,3,3,912,2,912,1,0,3,5,0,1,3,12,285,1,22
5325,3,3,3,600,2,968,1,0,3,6,0,0,0,0,0,0,59
8488,6,3,3,1516,3,1516,1,1,3,6,0,2,3,0,0,1,45
18010,6,3,4,796,3,1574,2,1,3,6,1,2,3,306,111,1,30
7159,4,3,3,720,3,720,1,0,3,4,0,0,0,0,523,0,59
14757,9,4,5,1980,5,1980,2,0,5,8,1,3,3,194,45,1,1
12524,7,4,4,1208,5,1621,2,0,4,8,0,2,3,108,45,1,8
15033,6,4,4,1602,4,1602,2,0,4,8,1,2,3,240,0,1,9
4251,6,3,3,1149,4,1616,2,0,4,5,0,1,3,0,0,0,3
14721,5,3,3,1484,3,1600,1,0,3,6,2,1,3,288,258,1,9
9070,6,3,3,689,3,2119,2,1,3,7,1,2,3,0,104,1,37
1552,7,4,4,970,5,1709,2,0,4,7,0,2,3,0,40,0,2
8802,7,3,3,832,4,1978,2,1,3,9,1,2,3,0,43,1,40
3496,3,3,3,544,5,774,1,0,4,6,0,0,0,0,0,0,1
2840,4,3,3,796,2,796,1,0,3,5,0,0,0,0,0,0,58
14962,8,4,4,1686,3,1707,2,1,3,6,1,2,3,574,64,1,25
8952,8,4,5,1582,5,2161,1,1,5,8,1,3,3,178,120,1,0
9564,6,3,3,756,5,1469,1,0,3,7,0,1,3,57,0,0,13
8835,6,3,3,1362,3,1362,1,1,3,6,1,2,3,0,20,1,47
8649,6,3,4,794,5,1796,2,1,3,7,0,2,3,0,36,1,9
9872,7,3,4,1216,5,2514,2,1,3,8,0,2,3,0,0,1,15
22263,7,4,4,1332,3,1524,0,1,4,4,1,2,3,268,0,1,31
5269,5,3,3,1001,3,2002,2,0,3,8,0,3,3,0,0,0,57
8532,6,3,3,806,3,1578,1,0,2,5,2,1,3,0,0,1,56
9114,5,3,3,1086,4,1086,1,0,3,6,0,2,3,0,0,1,7
5568,4,3,0,0,4,912,1,0,3,3,0,0,0,0,0,0,56
23622,5,3,3,1437,5,1473,1,0,5,5,2,1,3,0,48,1,6
7090,7,4,4,660,5,1320,2,1,4,6,0,2,3,0,48,1,4
16591,6,3,3,912,3,1458,1,0,3,6,1,1,3,192,0,1,60
6200,5,3,3,1800,5,1800,2,0,3,10,0,0,0,0,0,1,46
6991,6,4,4,860,5,1960,2,1,4,8,2,2,3,288,48,1,8
8856,5,3,3,864,5,1144,1,0,3,6,1,1,3,165,0,1,26
10211,6,3,4,689,5,1392,1,1,3,6,0,1,3,0,36,1,33
10641,7,4,4,1541,5,1541,2,0,4,7,1,2,3,0,70,1,5
6061,5,3,3,1063,4,1327,1,0,4,7,0,2,3,0,0,1,5
9704,5,3,2,796,4,1466,2,0,4,7,1,2,3,436,21,1,17
10664,6,3,4,713,3,1552,2,1,3,6,1,2,3,209,208,1,31
3276,6,3,5,1224,5,1224,2,0,3,5,0,2,3,0,304,0,10
21432,10,4,3,1107,5,3608,2,1,5,12,2,3,3,0,260,0,13
15577,5,3,3,1350,4,1328,1,1,3,5,2,1,3,0,104,1,48
4327,5,3,3,1073,5,1073,1,0,3,4,0,1,3,0,0,1,38
7503,5,3,3,793,3,1517,2,0,2,7,0,0,0,0,0,0,2
6865,5,3,3,1057,3,1057,1,0,4,5,0,1,3,0,52,1,3
6089,5,3,4,943,3,943,1,0,3,4,2,2,3,42,0,1,27
12907,8,4,4,1616,5,1629,2,0,4,9,1,3,3,0,252,1,4
8618,4,3,0,0,3,1224,2,0,3,6,0,2,3,0,0,1,45
13792,8,4,4,1485,5,1464,2,0,4,6,0,3,3,168,160,1,0
3284,6,3,5,1216,5,1216,2,0,3,5,0,2,3,0,125,0,8
9794,8,4,4,1626,5,1634,2,0,4,7,1,3,3,0,44,1,1
10266,6,3,3,918,4,1683,2,1,3,7,1,2,3,243,0,1,31
7186,5,3,3,1060,5,1060,1,0,4,6,1,1,3,406,90,1,9
8252,6,3,3,1567,3,1567,2,0,4,5,2,2,3,264,32,1,32
8030,5,3,3,864,4,1200,1,1,4,6,0,2,3,0,64,1,8
3861,4,3,3,747,3,747,1,0,3,4,0,1,3,0,0,0,60
3410,9,4,5,1698,5,1709,2,0,4,5,1,2,3,97,65,0,8
17529,5,3,4,1361,5,2620,2,2,3,12,1,2,3,155,24,1,30
8106,6,3,4,1394,4,1394,1,1,3,6,2,2,3,0,76,1,46
6636,5,3,3,960,4,1960,2,0,3,10,0,2,3,0,0,0,57
1740,8,4,4,1273,5,1456,2,0,4,7,1,2,3,143,20,1,3
8235,7,4,4,1573,5,1573,2,0,4,6,0,2,3,0,72,1,7
8216,6,3,2,784,3,784,1,0,3,5,0,2,2,0,0,0,59
9920,7,3,4,880,2,1768,1,1,3,6,2,2,3,0,341,0,36
9217,7,4,4,1311,5,2418,2,1,4,9,1,3,3,250,154,1,14
9757,7,4,4,978,5,1983,2,1,4,9,1,2,3,0,0,1,10
7569,5,3,3,1728,3,1728,2,0,3,8,0,2,3,0,0,1,30
4468,5,3,2,680,4,764,1,0,3,4,0,2,3,0,0,0,4
1070,4,3,4,462,3,988,1,0,3,5,0,1,3,120,101,0,36
1455,4,3,3,546,2,1092,1,1,3,6,0,1,3,0,0,0,37
1197,6,3,3,483,3,987,1,1,3,5,1,1,3,0,0,0,34
7817,7,4,4,915,5,1908,2,1,4,8,1,2,3,144,133,1,13
8427,5,3,3,1144,3,1144,1,0,3,6,0,1,3,44,0,1,54
10586,8,4,4,1299,5,1872,2,1,5,7,1,2,3,160,122,1,8
8865,6,4,4,1151,3,2060,2,1,3,8,1,2,3,0,228,1,18
12581,5,3,3,1114,5,1114,1,1,4,6,0,2,3,0,102,1,4
1470,6,3,3,483,3,987,1,1,3,5,0,1,3,72,0,0,33
8061,4,3,3,816,5,816,1,0,3,3,1,1,2,0,0,1,51
7559,4,2,3,721,4,841,1,0,3,4,0,1,3,250,0,0,59
7716,6,3,3,655,5,1194,1,0,3,6,1,2,3,0,0,1,47
5934,5,3,5,1090,4,1090,1,1,3,5,0,2,3,0,49,1,1
2916,6,3,3,684,5,1368,1,0,3,7,0,1,2,0,158,0,13
6619,5,3,3,530,3,1111,1,0,2,6,0,1,3,0,0,0,11
13704,6,4,4,894,5,1933,2,1,4,9,1,3,3,100,18,1,1
10600,8,4,4,1152,5,2270,2,1,4,9,1,3,3,132,57,1,3
8549,8,4,4,1683,5,2872,2,1,4,9,1,2,3,0,33,1,7
11108,5,4,3,832,4,1268,1,0,3,6,1,1,3,0,28,1,59
7504,3,3,0,0,2,1040,2,0,3,6,0,2,3,0,0,1,59
4560,4,2,3,840,5,1374,1,0,3,6,0,1,3,0,0,1,59
12329,9,5,5,2121,5,2121,2,1,5,8,1,3,3,124,98,1,0
8681,5,4,3,1256,4,1256,1,1,3,6,0,1,3,736,68,1,43
12674,6,3,4,1112,4,1137,2,0,4,5,1,2,3,125,0,1,19
6532,5,3,3,1268,4,1268,1,0,3,7,1,1,3,0,98,1,56
5040,4,3,3,960,4,960,1,0,2,5,0,1,3,0,0,0,57
9762,5,3,4,1097,5,1097,1,1,3,6,0,2,3,392,64,1,14
7504,3,3,0,0,4,1040,2,0,3,6,0,2,3,0,0,1,56
7572,5,3,3,1120,4,1128,2,0,3,6,0,2,3,192,20,1,45
8831,4,3,4,1138,3,1181,2,0,3,6,0,2,3,0,0,1,36
7939,6,3,3,804,5,2447,2,0,4,10,1,1,3,272,0,1,20
8596,8,4,5,1622,5,1630,2,0,5,8,1,3,3,172,42,1,1
8556,4,3,3,894,5,894,1,0,3,5,0,2,3,0,0,1,53
7410,5,3,3,825,3,825,1,0,3,4,0,2,3,140,50,0,13
1425,6,3,4,855,2,1456,2,1,3,7,1,2,3,26,0,1,32
6215,6,4,4,1362,5,1362,2,0,4,6,1,2,3,192,28,1,1
8449,7,4,4,864,5,1728,2,1,4,7,0,2,3,187,56,1,5
6747,7,3,3,725,4,1479,1,1,4,7,0,2,3,0,32,1,3
7526,6,4,4,928,5,1721,2,1,4,7,0,2,3,300,87,1,13
3947,5,3,3,624,2,1344,1,0,3,7,0,3,2,0,0,0,58
8876,7,4,4,1050,5,1949,2,1,4,8,1,2,3,156,90,1,16
6658,4,3,3,788,3,788,1,0,3,4,2,0,0,0,0,1,56
8505,4,3,3,1095,2,1774,2,0,3,8,0,3,2,0,0,0,56
5610,5,3,3,1145,3,1301,1,0,2,5,0,2,3,0,0,0,59
8136,4,3,3,864,3,864,1,0,3,5,0,2,3,0,0,1,36
5392,4,3,3,780,3,1208,1,0,3,5,0,2,3,0,23,0,59
7394,5,3,3,1056,5,1056,1,0,3,6,1,1,3,0,85,1,42
9116,1,2,2,683,4,904,0,1,2,4,0,0,0,0,0,1,59
2925,7,5,5,1470,5,1478,2,1,4,7,1,2,3,0,144,0,1
4950,3,4,2,840,4,1605,2,0,3,8,0,1,3,0,0,0,60
8297,7,4,4,873,5,1790,2,1,4,7,0,2,3,0,88,1,9
7348,6,3,3,932,5,932,1,0,4,4,1,1,3,0,0,1,57
1218,6,3,3,672,3,1218,1,1,3,7,0,1,3,144,28,0,34
5346,5,3,3,784,4,784,1,0,4,5,0,0,0,0,0,0,58
1425,6,3,4,855,3,1456,2,1,3,7,1,2,3,87,0,1,33
9429,4,3,3,1005,3,1005,1,0,2,5,1,2,2,0,0,1,54
6395,6,3,3,832,4,832,1,0,4,4,0,2,3,0,0,1,54
5823,6,3,3,1028,5,2320,2,1,4,9,1,1,3,224,0,1,5
21050,6,3,4,1370,3,2624,2,1,3,10,1,3,3,0,0,1,57
9114,8,4,4,908,5,1915,2,1,4,8,1,2,3,120,150,1,14
10080,4,3,3,720,3,1192,1,1,3,6,0,0,0,0,0,1,56
8921,6,4,4,1316,5,1316,2,0,4,6,1,2,3,100,0,1,0
12414,7,3,3,768,3,1986,2,1,3,7,3,2,3,0,42,1,19
55513,5,3,3,747,3,1687,1,0,3,7,2,2,3,0,0,1,60
7080,4,3,4,990,5,990,1,0,3,5,0,0,0,0,0,1,12
8506,6,4,3,528,5,1855,2,1,3,7,1,2,3,113,100,1,13
4567,5,3,3,833,5,833,1,0,4,4,0,1,3,0,0,1,6
11532,8,4,4,1094,5,2482,2,1,4,9,1,3,3,144,39,1,1
6904,6,3,3,1026,4,1026,1,0,4,5,0,2,3,171,48,1,4
6901,5,3,3,864,5,899,1,0,4,5,0,1,3,64,0,1,5
10742,9,5,5,1175,5,2324,3,0,5,11,2,3,3,147,21,1,0
6306,5,3,3,894,3,894,1,0,3,6,0,2,3,215,0,1,37
6437,6,4,4,1575,4,1575,2,0,4,5,0,2,3,0,0,1,15
19091,10,5,5,2444,5,4316,3,1,5,10,2,3,3,382,50,1,12
13175,7,4,4,879,5,1863,2,1,4,9,1,3,3,100,17,1,0
1740,5,3,3,757,5,1475,2,0,3,6,1,1,3,104,26,0,29
3578,6,4,4,848,5,848,1,0,4,3,1,2,3,149,0,0,4
6210,7,3,3,918,4,1646,2,0,3,7,2,1,3,0,0,1,57
17986,7,4,4,1392,5,2462,2,1,4,9,1,2,3,239,132,1,0
7814,4,3,3,951,5,951,1,0,3,6,0,1,3,0,28,0,56
3687,7,4,4,1314,5,1314,2,0,4,6,1,2,3,172,62,1,1
7210,7,4,4,1604,5,1604,2,1,4,8,1,2,3,123,110,1,3
163041,5,3,3,1499,5,1786,2,0,3,7,2,2,3,670,0,1,43
9716,3,3,3,672,3,1214,1,0,3,6,0,3,3,216,0,1,56
11322,5,3,3,1134,5,1803,2,0,3,8,1,2,3,0,0,1,6
10200,10,5,5,2006,5,2020,2,1,5,9,1,3,3,156,54,1,0
10379,7,4,4,1504,5,1504,2,0,4,6,1,2,3,115,66,1,13
51814,8,5,4,1650,5,3279,3,1,5,12,1,3,3,503,36,1,7
6710,7,3,4,1309,3,1339,2,0,3,6,1,2,4,0,58,1,16
7876,7,3,4,756,5,1547,2,1,4,7,0,2,3,169,45,0,1
7316,7,4,4,1240,5,1240,2,0,4,5,0,3,3,140,93,1,1
10744,6,3,3,1244,5,1244,1,1,3,6,2,1,3,0,40,1,50
7947,8,4,4,1777,5,1795,2,0,4,7,1,2,3,171,159,1,6
8081,6,3,4,1158,4,1167,2,0,4,6,0,2,3,120,26,1,17
11546,7,4,4,847,5,1948,2,1,4,8,1,2,3,100,48,1,1
13198,8,4,4,967,5,1908,2,1,4,9,0,2,3,135,0,1,8
4498,6,3,3,901,4,1198,1,0,3,7,0,0,0,0,98,0,10
13001,8,4,5,1976,5,1976,2,0,4,7,1,3,3,250,63,1,0
9096,4,3,3,686,2,1328,1,0,3,8,0,1,3,0,172,0,56
5105,5,3,3,768,3,1015,1,0,3,6,0,1,3,0,0,0,56
7859,6,3,3,1261,5,1261,1,0,3,6,1,2,3,0,0,1,50
9692,6,3,3,602,3,1502,1,1,4,7,2,1,3,96,0,1,11
10992,6,3,3,708,4,1416,2,1,3,7,1,2,3,0,169,1,38
5940,6,3,3,1214,5,2291,2,0,3,9,1,2,3,0,0,0,9
4992,5,3,3,1008,5,1522,2,0,3,7,0,0,0,0,0,1,56
5272,5,3,5,980,2,1148,1,0,3,6,0,1,3,0,0,1,54
10275,6,3,3,1442,3,1442,2,0,3,6,1,2,3,371,0,1,39
12248,6,3,4,1602,4,1252,1,0,3,4,1,2,3,409,0,1,33
9267,4,3,3,864,5,948,1,0,3,5,0,1,3,0,0,1,53
8639,5,3,3,1078,4,1078,1,0,4,5,0,1,3,366,0,1,14
2037,7,4,4,1145,5,1145,2,0,4,5,1,2,3,100,16,1,3
10662,8,5,5,2042,5,2042,2,1,5,8,1,3,3,0,90,1,0
6916,7,4,4,1473,5,1484,2,0,4,7,0,2,3,0,35,1,5
14596,7,4,4,788,5,1490,2,1,4,8,1,2,3,100,75,1,3
10759,5,3,4,1484,4,1484,2,0,3,7,1,2,3,224,0,1,36
9949,5,3,4,1392,3,1392,1,1,3,5,1,2,3,0,0,1,14
7471,7,4,4,728,5,1456,2,1,4,7,1,2,3,36,18,1,3
8236,5,3,3,864,3,864,1,0,3,5,0,2,3,0,0,1,48
5923,6,3,3,1056,4,1056,0,0,3,4,0,2,3,264,56,1,30
8917,8,4,4,1165,5,2526,2,1,4,8,1,3,3,309,78,1,12
10271,6,3,4,1029,3,1062,1,0,3,5,2,2,3,120,0,1,31
10524,5,3,3,1092,3,1092,1,0,3,6,1,1,3,0,20,1,47
5856,6,3,3,912,4,912,1,0,4,5,0,1,3,168,0,1,12
2660,7,3,4,600,5,1200,2,1,4,4,0,2,3,0,166,0,1
7733,6,4,4,728,5,1456,2,1,4,8,1,2,3,0,24,1,0
6349,7,3,4,776,3,1502,1,1,3,6,1,1,3,0,0,1,8
5320,2,2,3,264,2,800,1,0,2,4,1,0,0,0,0,0,59
8543,5,3,3,1063,5,1287,1,0,4,7,1,2,3,364,17,1,4
6122,5,3,3,740,5,778,1,0,3,4,1,1,5,0,25,0,53
8954,5,4,3,1053,5,1053,1,1,4,5,0,1,3,0,0,1,2
8883,7,4,4,1176,5,1200,2,0,4,5,0,2,3,0,41,1,6
8956,6,3,3,778,3,1489,2,0,3,7,1,1,3,335,0,1,59
5850,4,3,3,1040,3,1120,1,1,2,5,0,2,3,168,0,1,46
11304,7,4,5,1434,5,2149,1,1,4,6,1,2,3,168,43,1,6
12316,8,4,4,1986,5,1987,2,0,4,7,1,2,3,262,36,1,14
8740,6,3,3,822,4,1851,2,1,4,7,1,2,3,239,42,1,14
7372,9,4,5,1462,5,2224,2,1,5,10,1,3,3,184,0,1,4
12253,8,4,4,1935,4,1973,2,0,4,9,1,3,3,315,45,1,1
13115,8,4,4,1145,5,2198,2,1,4,9,1,3,3,192,84,1,8
1678,7,4,4,1346,5,1504,2,0,4,7,1,2,3,156,0,1,3
7082,5,3,4,990,5,990,1,0,3,5,0,2,3,0,64,1,14
4574,5,3,3,926,3,1316,1,0,3,6,0,2,3,0,0,0,9
16289,5,3,3,1466,3,1466,1,1,2,6,2,2,3,0,140,1,47
7078,7,4,4,1422,5,1422,2,0,4,7,0,2,3,192,60,1,3
2664,7,4,5,1258,5,1258,2,0,4,6,1,3,3,144,16,1,0
9820,5,3,3,1680,2,1680,2,0,3,8,0,2,3,0,0,1,31
3587,6,4,4,848,5,848,1,0,4,3,1,2,3,140,0,0,2
8426,5,3,4,1099,5,1099,1,1,4,6,0,1,3,278,0,1,2
2387,7,4,4,976,5,1708,2,0,4,7,0,2,3,0,40,0,2
16711,7,3,3,1470,5,3493,3,0,4,10,1,3,3,302,0,0,6
8499,8,4,5,1466,5,2828,3,0,4,11,1,3,3,125,144,1,0
213209,7,3,4,2136,3,2036,2,0,3,8,2,2,3,0,0,1,44
5344,5,3,4,896,4,1344,1,0,3,7,0,1,3,200,114,0,56
7648,5,3,3,832,3,1216,1,0,3,6,0,1,3,158,0,1,58
13075,6,3,4,794,4,1470,2,0,3,6,0,2,3,0,75,1,10
7564,5,3,3,915,3,1167,1,0,3,6,1,2,3,0,0,1,57
6082,7,4,4,1232,5,1232,2,0,4,6,0,2,3,132,0,1,2
6731,5,3,3,1144,4,1144,1,0,3,6,0,2,3,0,0,1,47
5318,8,4,4,1488,3,1502,1,1,4,4,0,2,3,0,54,1,25
6974,6,3,4,918,3,918,2,0,3,5,1,1,3,28,0,1,31
8324,8,4,4,2109,5,2113,2,1,4,7,1,3,3,236,46,1,13
7013,7,4,4,1092,5,1550,2,0,4,7,0,2,3,0,168,0,2
5424,7,4,4,1368,5,1368,2,0,4,6,1,2,3,132,35,1,0
15010,9,3,5,1249,5,2596,3,1,4,9,0,3,3,240,154,1,0
6221,5,3,3,1029,3,1339,1,0,3,6,0,1,3,0,0,1,44
3872,7,4,4,1190,4,2090,2,0,4,6,1,2,3,219,0,1,23
12286,8,4,5,1117,5,2452,3,1,4,9,1,3,3,113,32,1,1
13189,7,4,4,1670,5,1670,2,0,4,7,1,3,3,144,60,1,0
27538,5,3,3,1013,3,2126,2,1,3,7,0,2,3,486,0,1,42
5859,6,3,4,1278,4,1294,2,0,4,6,0,2,3,112,51,1,17
14736,6,3,4,840,5,1680,2,0,3,8,0,1,3,0,0,1,32
7505,5,3,3,1272,4,2200,2,2,3,9,0,0,0,0,70,1,5
10394,5,3,3,1051,3,1159,1,1,3,7,1,1,3,466,0,1,38
10929,8,4,4,1318,5,2531,2,1,4,9,1,3,3,222,98,1,12
4897,6,3,3,1103,4,1103,1,0,4,5,1,2,3,166,120,0,26
8528,7,3,4,1845,4,1872,2,0,3,6,1,2,3,197,39,1,18
10949,7,4,4,847,5,1959,2,1,4,8,1,2,3,100,48,1,2
8448,6,3,3,1372,3,1342,2,0,3,7,1,2,3,0,0,1,42
896,4,3,4,630,3,630,1,0,4,3,0,1,3,0,0,0,7
10140,6,3,3,1200,3,1200,1,0,3,7,0,1,2,0,0,0,56
1504,6,3,4,804,3,1548,2,1,4,7,1,2,3,48,0,1,31
16141,5,3,3,1763,3,1779,1,1,3,6,1,2,3,0,418,1,32
10920,5,3,3,978,3,1422,1,0,3,6,1,1,3,0,0,1,29
9333,7,4,4,874,5,1761,3,0,4,7,0,2,3,144,105,0,0
11373,5,3,3,1728,3,1728,2,0,3,10,0,2,3,0,0,1,43
7575,7,4,4,1525,5,1525,2,0,4,6,0,2,3,219,36,1,6
9495,4,3,0,0,3,1296,2,0,3,6,0,2,3,0,0,1,39
3548,5,3,3,672,5,840,1,0,3,5,1,0,0,0,0,0,57
10050,8,4,4,1753,5,1788,2,0,5,7,1,2,3,202,151,1,8
10927,8,4,4,1225,5,2612,2,1,4,8,1,3,3,250,0,1,10
3970,6,3,4,958,3,958,2,0,3,5,0,2,3,0,60,1,33
9021,8,4,4,853,3,2727,2,1,4,10,2,2,3,0,74,1,13
6398,5,3,3,952,3,952,1,0,3,4,0,2,3,0,0,1,57
8096,6,3,4,750,5,1500,2,1,4,6,0,2,3,0,35,1,0
9469,6,4,3,1252,5,1252,1,0,4,7,0,2,3,0,39,1,49
7326,8,4,4,1300,5,1314,2,0,4,6,0,2,3,135,112,0,0
6688,5,3,3,896,5,2008,3,0,5,8,0,1,3,103,0,1,4
1348,6,4,4,756,5,1525,2,1,4,5,1,2,3,0,0,0,7
15016,8,4,4,1028,5,2452,2,1,4,9,1,2,3,208,50,1,8
9464,8,4,4,3200,5,3228,3,0,4,10,1,2,3,264,75,1,14
1050,5,3,3,630,3,1302,2,1,3,6,0,1,3,185,0,0,37
7039,5,3,3,952,5,1211,1,0,3,5,1,1,3,0,63,1,40
8120,7,4,4,1630,5,1630,2,0,4,6,1,2,3,74,234,1,8
8931,7,4,4,1264,5,2344,2,1,4,7,1,3,3,220,0,1,12
9104,5,3,3,1048,3,1048,1,0,3,6,0,1,3,0,20,1,51
11632,6,3,4,1478,5,1493,2,0,4,7,1,2,3,140,39,1,10
11229,8,4,5,774,5,1968,2,1,5,8,1,3,3,0,75,1,0
10237,6,3,3,1004,5,1004,1,0,3,5,1,2,3,0,0,1,40
7252,6,3,3,690,3,1426,1,1,3,6,0,2,3,252,0,1,32
6476,5,3,4,768,5,768,1,0,3,5,0,2,3,104,0,1,37
8451,5,3,3,1486,5,1486,1,0,3,7,0,2,3,0,0,1,10
8758,5,3,3,702,4,1472,1,0,4,6,0,1,2,0,0,0,13
5892,4,3,4,1132,5,1132,1,1,4,5,0,2,3,252,64,1,3
9328,6,3,3,1040,5,1846,2,0,3,7,1,1,3,0,0,1,57
6349,5,3,3,858,4,858,1,0,3,4,0,0,0,117,0,1,2
8767,10,5,5,2633,5,2633,2,1,5,8,2,3,3,314,140,1,5
8144,8,4,4,1468,5,1468,2,0,4,6,1,3,3,210,150,1,0
11552,9,5,5,1926,5,3140,3,1,5,11,2,3,3,144,78,1,0
1050,5,3,3,630,3,1302,2,1,3,6,0,1,3,0,0,0,38
6300,5,3,3,900,3,900,1,0,4,5,0,2,3,222,32,1,10
5096,6,4,3,884,4,904,1,0,3,4,0,1,3,0,0,0,5
14537,6,4,3,1844,4,1844,2,0,4,7,1,2,3,0,73,1,37
1627,7,4,4,1373,5,1555,2,0,4,7,1,2,3,143,20,1,3
7235,5,3,3,1297,4,1297,1,0,3,5,1,2,3,0,0,1,19
8008,4,3,3,576,4,1140,1,0,3,7,0,0,0,0,160,0,6
14064,9,4,5,1992,5,2868,3,1,5,11,1,3,3,214,108,1,0
8459,6,4,4,832,5,1710,2,1,4,7,0,2,3,144,70,1,15
10643,8,3,4,792,2,1517,1,0,4,7,2,2,3,0,0,1,56
16274,5,3,3,1126,2,1126,2,0,3,5,1,2,3,295,41,1,29
6670,8,4,4,1419,5,1419,2,0,4,7,1,2,3,140,0,1,0
6386,6,3,3,896,4,1913,1,1,3,9,1,2,2,0,0,1,59
11159,8,5,5,1518,5,1518,1,1,5,6,1,2,3,185,140,1,4
23790,6,3,4,841,5,1675,2,1,3,7,1,2,3,0,103,1,10
8177,6,4,3,901,3,1876,2,1,4,8,1,2,3,0,69,1,34
6171,6,3,3,912,3,1236,1,0,3,6,0,2,3,0,158,0,14
8856,6,4,4,1510,5,2792,2,0,3,8,2,2,3,0,547,0,58
3604,4,3,3,1196,5,1196,1,0,3,5,0,2,3,0,0,0,17
9888,6,3,4,1232,3,1232,2,0,3,6,0,2,3,0,0,1,24
6363,5,3,3,1057,3,1057,1,0,3,6,0,2,3,0,0,1,45
10837,8,4,4,1624,5,1624,2,0,4,5,1,3,3,0,114,1,11
11547,7,4,4,847,5,1733,2,1,4,7,1,2,3,100,48,1,4
1864,7,4,4,764,5,1626,2,1,4,6,0,2,3,0,27,1,7
10627,5,3,3,1109,3,1155,1,0,4,6,0,2,3,192,0,1,15
2388,6,4,4,612,5,1224,2,1,4,4,0,2,3,0,234,0,0
13706,6,3,3,825,4,1993,2,1,3,8,1,2,3,0,66,1,35
12530,7,4,4,916,5,1861,2,1,4,8,0,2,3,146,91,1,4
8559,5,3,3,1041,5,1041,1,0,3,6,0,1,3,224,88,1,50
8568,6,3,3,1032,3,1252,1,0,3,6,0,1,3,0,0,1,58
8544,5,3,3,2136,3,2136,2,0,3,7,0,2,3,0,30,1,55
9176,7,3,4,1226,5,1226,2,0,4,6,0,3,3,0,36,1,1
7880,5,3,3,840,3,860,1,0,3,4,0,2,3,0,0,1,27
9308,7,3,4,832,3,1664,2,1,3,8,1,2,3,0,28,1,30
11508,4,3,4,672,2,924,1,0,2,5,0,1,3,0,0,1,60
48429,9,4,5,1842,4,1842,0,1,4,5,1,3,3,857,72,1,19
12181,8,4,5,1710,5,1710,2,0,4,6,1,3,3,0,102,1,0
10925,8,4,4,1141,4,2263,2,1,4,10,1,2,3,144,123,1,8
10094,4,3,3,777,4,2290,2,0,3,11,0,2,3,0,0,0,60
11393,4,3,3,1100,3,1100,1,0,3,6,1,1,3,355,0,1,48
10808,6,3,3,1205,5,2117,2,1,3,7,2,2,3,0,42,1,38
8707,5,3,3,698,5,698,1,0,3,4,0,0,0,0,200,1,1
5098,7,3,3,952,4,1774,2,0,3,8,2,2,3,90,0,0,58
7590,8,4,4,810,5,1665,2,1,4,6,0,2,3,0,45,1,8
10878,5,3,3,924,5,1122,1,0,4,6,0,2,3,0,36,0,3
17106,3,2,3,894,3,894,1,0,3,6,0,3,3,0,20,0,58
8415,6,4,5,872,5,1756,2,1,3,7,0,2,3,144,122,1,10
8048,6,3,4,1302,5,1302,2,0,4,7,0,1,3,333,0,1,16
5898,5,3,0,0,3,2240,2,0,3,12,0,2,3,154,0,1,30
4701,5,3,3,661,5,1250,2,0,3,8,1,2,3,242,0,1,4
12571,7,4,4,1156,5,1717,2,1,4,7,1,2,3,168,36,1,16
10014,5,3,3,984,5,1604,2,0,3,6,0,2,3,0,68,1,49
9388,6,3,3,732,4,1790,1,2,3,8,1,2,3,148,0,1,34
5463,6,3,3,972,4,1577,1,0,2,6,1,1,3,0,0,1,56
8984,5,3,3,864,3,874,1,0,3,5,0,1,3,33,0,1,41
7259,6,3,4,506,3,1212,1,0,3,6,1,2,3,292,12,1,11
9387,5,3,3,969,3,969,1,1,3,5,0,2,3,0,0,1,32
2603,6,3,4,547,5,1072,1,0,3,5,0,2,3,0,28,0,3
5993,7,4,4,1057,5,1929,2,1,4,7,1,2,3,0,235,0,6
24954,5,3,3,1188,3,1188,1,0,3,6,0,1,3,261,39,1,48
9599,7,4,4,1026,5,1958,2,1,4,9,1,3,3,154,210,0,3
5072,5,3,3,928,4,928,1,0,3,5,0,1,3,0,0,0,51
12013,7,3,4,964,4,2236,2,1,4,8,1,2,3,0,0,1,9
9034,5,3,3,954,3,2414,2,0,3,10,1,2,2,142,0,1,36
5907,3,3,0,0,3,720,1,0,3,4,0,1,2,0,0,1,58
3392,7,4,4,625,5,1250,2,1,4,5,0,2,3,0,54,0,1
5245,5,3,3,715,3,875,1,0,3,5,0,1,3,48,0,0,16
9528,5,3,3,672,5,672,1,0,3,4,0,1,3,168,0,1,11
6157,6,3,4,979,3,1958,2,0,3,8,0,2,3,0,0,0,57
8967,8,4,4,1657,5,1668,2,0,4,8,1,2,3,0,262,1,7
11242,7,3,4,793,3,1935,2,1,3,7,1,2,3,0,113,1,31
11139,6,3,3,715,2,1660,1,1,3,6,1,1,3,0,0,1,13
8730,7,3,4,1188,5,1217,2,0,4,6,0,2,3,168,27,1,18
5128,7,3,3,572,3,1111,1,0,3,5,1,1,3,0,0,0,58
9344,6,3,3,588,5,1138,1,0,3,6,0,1,3,224,0,1,49
6914,4,3,3,1029,4,1029,1,0,3,5,0,1,3,64,0,1,46
8834,7,4,4,1490,5,1501,2,0,4,6,0,2,3,144,29,1,10
7742,6,3,4,1479,5,1494,2,0,4,6,0,2,3,168,27,1,9
1916,7,4,4,1266,5,1266,2,0,4,6,1,2,3,100,16,1,1
24059,8,4,3,1360,4,3112,2,0,4,8,1,2,3,0,16,1,16
6258,5,3,3,892,3,892,1,0,3,5,0,1,3,0,0,1,42
8849,7,3,4,1160,5,2022,2,1,3,8,1,2,3,288,117,1,31
15191,7,3,3,795,2,2263,2,1,4,9,1,2,3,0,250,1,12
8129,7,3,4,935,4,1632,2,1,3,8,1,2,3,0,28,1,8
13675,8,4,4,1260,5,1288,1,1,5,4,2,2,3,120,30,1,12
8384,6,3,3,1080,4,1080,1,0,3,5,0,1,3,0,0,1,50
6480,5,3,3,931,3,1283,1,0,3,6,0,2,3,0,0,1,28
6135,6,3,2,617,4,1310,2,0,3,6,0,1,3,0,0,1,56
6541,5,3,3,1559,4,1559,1,0,3,5,0,2,3,0,116,0,34
8234,6,3,2,1020,4,1928,2,0,2,9,0,1,1,0,60,0,56
15300,7,3,4,1392,3,2784,3,1,4,12,2,2,3,0,112,1,28
8642,7,3,4,1108,5,2097,2,1,4,8,1,2,3,253,170,1,8
12798,7,3,3,864,3,1820,1,2,4,8,2,2,3,60,84,1,20
52028,6,4,4,1580,5,1953,2,1,4,9,2,2,3,216,231,1,15
34918,5,3,3,1624,2,1582,2,0,3,7,0,2,3,168,198,1,42
5857,5,3,3,1040,5,1040,1,1,3,6,0,1,3,0,104,1,0
1762,7,4,4,1248,5,1248,2,0,4,5,0,2,3,108,0,1,0
11860,8,4,4,1952,4,2704,2,1,5,9,3,2,3,269,111,1,14
8338,6,3,4,1262,5,1262,2,0,3,6,1,2,3,298,0,1,31
8683,7,4,5,1264,5,2696,2,1,5,10,1,3,3,120,184,1,0
2891,7,4,4,1391,5,1391,2,0,4,5,0,2,3,156,158,0,4
9579,6,3,2,482,5,1912,2,0,3,7,1,2,3,0,25,0,8
6432,5,3,4,768,4,768,1,0,3,5,0,1,3,192,0,1,6
7760,5,3,4,1040,3,1040,2,0,4,5,0,2,3,0,0,1,1
12994,8,4,4,1753,5,1787,2,0,4,7,1,3,3,198,150,1,4
10668,4,3,3,1440,3,1440,2,0,2,8,0,0,0,0,0,1,53
5562,5,3,3,780,4,1020,1,0,3,6,0,0,0,0,0,1,14
3196,5,3,2,864,5,864,1,0,3,4,0,0,0,0,96,1,59
18799,8,4,5,2077,5,2097,1,1,5,8,1,3,3,192,267,1,0
3425,4,3,3,693,2,693,1,0,2,4,0,0,0,0,20,0,56
8421,7,4,4,856,5,1166,2,0,4,5,0,2,3,212,0,1,3
7348,3,3,3,864,3,864,1,0,3,5,0,1,2,0,0,1,60
7912,8,4,4,1088,5,1959,2,1,4,8,1,3,3,208,46,0,1
1306,4,3,4,630,4,630,1,0,3,3,0,0,0,0,0,0,37
3401,3,4,3,270,4,729,1,0,3,5,0,0,0,0,0,1,5
8488,6,3,3,912,3,1824,2,2,3,8,0,0,0,128,0,1,39
10211,7,4,4,1428,5,1428,2,0,4,6,0,2,3,0,120,0,0
10566,5,3,4,1040,3,2080,1,2,2,9,2,2,3,335,0,1,38
8194,5,3,3,1056,3,1056,1,0,3,6,0,1,3,390,0,1,2
6212,5,3,3,876,3,988,1,0,3,6,0,1,3,0,80,1,57
18115,6,4,4,697,3,2201,2,0,4,8,1,2,4,586,236,1,40
5281,6,3,3,884,3,1367,1,0,3,6,1,1,3,0,0,0,57
14702,7,4,4,1482,5,1494,2,0,4,5,1,2,3,402,25,1,9
6912,6,3,3,660,5,1285,1,1,3,7,1,2,3,138,0,1,30
6152,5,3,0,0,4,1048,1,0,3,7,0,2,3,0,27,1,58
6178,5,3,3,1022,3,1022,1,0,3,4,0,1,3,0,30,0,3
10143,4,3,3,637,4,1336,1,1,3,7,0,1,3,0,47,0,56
1596,6,3,4,1291,5,1291,1,0,4,6,1,2,3,307,0,1,11
2901,7,4,4,689,5,1392,2,0,4,5,0,2,3,0,102,0,1
7227,6,3,4,773,4,1658,2,1,3,8,1,2,3,224,84,1,12
11196,9,5,5,2002,5,2018,2,0,5,10,1,3,3,144,76,1,1
33561,5,3,3,1572,4,1572,1,1,3,5,2,3,3,0,263,1,44
6234,7,4,4,1257,5,1266,2,0,4,6,1,2,3,38,144,0,1
3582,8,4,4,1338,5,1338,2,0,4,6,0,2,3,0,0,1,9
10003,8,4,4,969,5,2285,2,1,4,8,1,3,3,0,56,1,7
7301,6,3,4,728,5,1456,2,1,4,8,0,2,3,100,24,1,3
7317,4,3,0,0,3,1529,2,0,3,9,0,1,3,92,0,1,59
8389,6,3,3,858,5,1716,1,1,3,8,1,2,3,0,84,1,46
6759,5,3,3,999,4,999,1,0,4,6,0,1,3,0,132,1,6
9085,6,5,4,680,4,1470,2,1,3,6,1,2,3,232,63,1,16
6186,7,4,4,1199,5,1220,2,0,4,6,0,2,3,105,54,1,0
12180,7,4,4,1095,5,2295,2,1,4,9,1,2,3,0,40,1,6
3022,7,4,4,691,5,1452,2,1,4,6,0,2,3,0,34,0,7
11422,5,3,4,520,5,1464,2,0,3,6,1,2,3,302,0,1,10
7268,7,4,5,1372,5,1372,2,0,4,6,0,2,3,0,140,0,0
7346,6,3,3,1059,3,1068,1,0,3,6,0,1,3,192,0,1,3
847,4,3,4,630,3,630,1,0,3,3,0,1,3,0,0,0,39
11977,5,3,3,1140,3,1696,1,1,3,8,1,1,3,0,30,1,45
7457,5,3,0,0,3,882,1,0,3,5,0,1,3,0,0,1,48
7512,6,3,4,650,3,1564,2,1,3,7,1,2,3,0,50,1,29
7946,6,3,4,804,5,1682,2,1,4,7,0,2,3,0,77,1,12
6714,5,3,3,864,3,1812,2,0,3,8,1,1,3,0,168,1,45
11525,6,3,4,983,5,1750,2,0,3,7,0,1,3,245,0,1,23
12581,6,3,4,1114,5,1114,1,0,4,6,0,2,3,0,78,1,4
9452,7,3,4,1053,3,1173,2,0,4,6,2,2,3,0,120,1,36
1008,6,3,3,672,4,1218,1,1,3,7,0,1,3,0,28,0,34
10013,5,3,3,780,5,1620,2,1,3,7,0,2,3,208,0,1,38
7282,5,3,4,1120,5,1120,1,0,3,6,0,0,0,0,30,1,0
10685,6,3,4,1330,3,2872,2,1,3,11,1,2,3,550,282,1,13
20015,6,4,4,880,5,1680,2,0,4,5,1,2,3,292,44,1,2
15575,7,4,4,1195,4,1839,2,1,3,7,0,2,3,0,81,1,12
9790,5,3,3,458,2,835,1,0,3,5,0,1,3,0,0,1,60
10846,7,4,4,1417,5,1428,2,0,5,6,0,2,3,0,60,1,0
9314,6,3,3,1064,5,1639,1,0,3,6,0,1,3,0,0,1,58
7956,5,3,3,1214,5,1214,1,0,3,6,0,2,2,0,0,1,42
6583,5,3,2,810,2,1456,1,0,3,7,1,1,3,0,0,1,56
28980,7,4,4,973,5,1850,2,1,4,7,1,2,3,168,98,1,15
7459,8,4,4,1466,5,1466,2,0,4,7,0,3,3,100,18,1,2
6622,7,3,4,1237,4,1253,2,0,3,6,1,2,3,220,21,1,11
7425,4,3,4,1121,5,1121,2,0,3,5,0,2,3,132,64,0,6
8614,5,3,3,1461,4,1721,2,1,3,7,1,2,3,0,96,1,13
8373,6,3,3,816,3,1977,1,1,3,9,1,2,3,0,52,1,29
7334,6,3,3,1088,5,1324,2,0,3,6,1,2,3,0,138,1,41
9982,7,4,4,384,4,1472,2,1,4,7,1,2,3,164,0,1,15
7566,6,3,3,1194,3,1194,1,0,3,6,0,1,3,0,0,1,51
9538,9,4,5,1856,5,1856,1,1,5,8,1,3,3,113,0,1,0
8919,5,3,3,882,3,900,1,0,3,5,0,1,3,0,0,1,43
7404,5,3,3,756,2,1134,1,1,3,7,0,1,3,0,0,1,57
11405,6,3,5,804,5,1961,2,1,4,7,1,2,3,125,192,1,7
3587,6,4,4,848,5,848,1,0,4,4,0,2,3,140,0,0,6
11642,4,3,4,1198,3,1258,0,2,3,6,0,2,3,120,0,1,39
9492,8,4,4,1082,5,1953,2,1,4,9,1,3,3,160,50,0,3
6649,6,3,3,756,3,1839,1,1,3,7,1,2,3,0,124,1,44
5074,6,4,3,816,5,816,1,0,3,5,0,1,3,0,0,0,1
10106,4,3,0,0,3,1294,2,0,3,7,0,0,0,220,114,1,8
8318,7,3,4,1057,5,2034,2,1,4,8,0,2,3,576,36,1,11
9667,6,3,3,1253,3,1253,1,1,3,5,1,1,3,0,213,1,48
3935,8,5,5,1600,5,1652,2,0,4,5,1,2,3,162,53,0,0
12694,7,4,5,1306,5,2260,2,1,4,7,0,2,3,296,44,1,13
14850,6,4,4,728,4,1456,2,1,3,8,0,2,3,0,0,1,0
7116,6,3,4,982,5,1800,2,1,3,7,1,2,3,100,63,1,9
9602,5,3,2,660,5,1656,2,1,3,8,0,1,2,0,0,1,22
8055,8,4,4,1494,5,1494,1,1,5,6,1,2,3,0,30,1,10
7014,7,4,4,1436,5,1436,2,0,4,8,0,2,3,139,98,1,4
8793,7,4,4,1117,5,2013,2,1,3,8,1,2,3,180,130,1,10
14774,5,3,3,1096,5,1096,1,0,3,6,0,1,3,240,32,1,37
6136,5,4,3,864,5,864,1,0,3,6,0,1,3,0,0,1,4
7599,7,4,4,1536,5,1536,2,0,4,7,0,2,3,192,74,1,5
4821,8,4,4,1742,3,1742,2,0,4,5,1,2,3,114,28,1,21
6934,6,3,3,1003,3,1003,1,0,3,6,0,2,3,120,0,1,22
4454,8,4,4,1220,4,1360,1,0,4,4,1,2,3,63,0,1,25
12201,6,3,3,723,3,1395,1,1,3,6,1,2,3,294,116,1,37
8358,7,3,3,1242,2,1242,1,1,3,6,1,2,3,0,0,1,34
7854,7,5,3,1152,5,2340,2,0,4,9,2,1,3,0,60,1,4
10417,5,3,3,1008,4,1008,1,0,3,4,1,1,3,0,0,1,52
6804,6,3,3,1143,3,1113,1,1,3,6,1,1,4,370,30,1,31
9609,5,3,3,1050,3,1050,1,0,3,6,0,1,3,0,319,1,45
8846,6,3,3,1196,3,1279,2,0,3,6,2,2,3,238,83,1,31
12116,9,4,5,1572,5,2668,2,1,5,10,2,3,3,400,0,1,4
3773,8,4,4,1595,5,1616,2,0,4,5,1,2,3,237,152,1,14
7457,7,4,4,1310,5,1310,2,0,4,6,1,2,3,0,0,1,1
6598,5,3,4,360,4,1812,2,0,4,8,1,2,3,344,0,0,14
6476,4,3,3,1122,3,1981,2,0,4,7,2,2,3,431,44,1,59
10064,9,4,4,1122,5,2504,2,1,5,11,1,3,3,144,39,1,1
8527,5,3,3,912,4,1248,1,0,3,6,0,1,2,0,0,0,57
8036,5,3,3,1268,3,1264,1,0,3,6,2,2,3,0,0,1,50
10756,8,4,5,1463,5,2622,2,1,4,9,2,2,3,186,32,1,15
10409,7,3,4,1424,5,1442,2,0,3,5,0,2,3,0,34,1,19
5752,9,5,5,1561,5,1561,2,0,5,6,1,2,3,203,47,1,2
9596,7,4,4,1614,5,1614,2,0,4,7,0,3,3,144,59,1,0
8911,7,3,3,689,5,1378,2,0,4,7,1,2,3,0,0,0,3
10512,8,5,5,1932,5,1932,2,0,5,7,1,3,3,0,66,1,0
6938,5,3,3,864,3,900,1,0,3,6,1,1,3,175,144,1,39
7265,5,3,3,1235,3,1235,1,0,3,6,0,2,3,0,0,1,45
6686,7,4,4,814,5,1674,2,1,4,7,0,2,3,0,96,0,10
10555,9,5,5,2330,5,2364,2,1,5,11,2,3,3,0,67,1,0
6017,6,3,4,806,3,1647,1,1,2,6,0,1,3,0,66,1,60
7939,6,3,3,992,4,1661,1,0,4,8,1,1,3,0,28,1,12
12456,5,3,3,864,3,894,1,0,3,5,1,2,3,241,0,1,32
3014,5,3,3,686,4,866,1,0,4,4,0,0,0,58,42,0,10
9158,7,4,4,1494,5,1494,2,0,4,7,1,3,3,160,33,1,0
7079,7,4,4,716,5,1432,2,1,4,6,1,2,3,100,51,1,4
8220,6,3,3,780,3,1375,1,1,4,6,1,1,3,0,162,0,57
6075,6,3,3,1041,5,1125,1,0,3,6,1,1,3,296,0,1,33
6254,5,3,3,1246,5,1246,1,1,4,6,0,1,3,218,0,1,16
8841,5,4,3,1617,5,1867,1,0,3,7,3,1,3,476,0,1,16
9482,5,3,3,650,4,1539,2,0,4,8,1,2,3,70,78,0,6
13057,8,4,5,1158,5,2376,3,1,4,9,1,3,3,240,154,1,0
9358,6,3,3,1094,5,1094,1,0,3,5,2,2,3,0,0,1,55
9331,5,4,4,1437,3,1437,2,0,4,6,1,2,3,0,21,1,3
8607,7,4,4,941,5,1829,2,1,4,7,1,2,3,192,39,1,7
12132,8,3,3,728,5,3447,3,1,4,11,2,3,3,314,12,1,11
20617,6,3,4,1163,5,1674,2,0,3,8,1,2,3,72,36,1,58
3587,6,4,4,848,5,848,1,0,4,3,0,2,3,140,0,0,5
4554,7,4,4,551,5,1102,2,1,4,4,0,2,3,0,60,0,3
7113,7,4,4,1337,5,1337,2,0,4,6,0,2,3,0,39,1,4
3330,8,4,5,1593,5,1593,1,1,5,5,1,2,3,0,120,1,6
5031,4,3,4,440,3,869,1,0,2,4,0,0,0,0,0,1,48
12531,8,4,5,1800,5,1800,2,0,4,7,1,3,3,270,78,1,4
13196,5,4,3,1008,5,1363,1,0,3,6,2,1,3,324,42,1,9
7549,6,3,3,1251,3,1251,1,0,3,6,2,1,3,0,116,1,42
3678,8,4,4,1494,5,1652,2,0,5,6,0,2,3,96,48,1,7
7423,6,3,4,702,4,1481,2,1,3,6,1,2,3,0,36,1,14
8873,7,4,4,1720,5,1720,2,0,4,7,1,2,3,240,56,1,14
7568,6,4,4,798,5,1640,2,1,4,6,0,2,3,138,45,1,4
6341,7,3,3,637,5,1108,1,0,4,6,1,1,3,0,0,0,57
8696,5,3,3,864,5,864,1,0,3,5,0,1,3,0,0,1,34
6036,5,3,3,709,3,1203,1,0,4,5,1,1,3,0,0,1,59
8789,5,3,3,784,4,1221,1,0,3,7,0,1,3,0,0,1,56
7636,7,4,5,1560,5,1560,2,0,4,7,0,2,3,100,150,1,7
739,6,3,4,561,3,1229,1,1,3,5,1,2,3,150,0,0,29
7612,6,3,0,0,3,1902,2,0,3,8,0,2,3,0,0,0,32
1913,8,4,4,1256,5,1269,2,0,4,6,1,2,3,146,20,1,5
8770,5,3,3,980,4,980,2,0,3,6,0,1,3,68,0,1,39
10544,7,3,3,539,3,1725,2,1,3,6,1,2,3,0,88,1,28
7165,9,5,5,1684,5,1684,2,0,5,6,1,2,3,495,72,1,3
6394,5,3,4,858,3,858,1,0,3,5,0,2,3,120,0,1,27
1603,5,3,3,765,3,1365,1,1,3,7,0,2,3,0,36,0,39
12984,7,3,3,924,5,2157,2,1,4,8,2,2,3,105,66,1,40
7982,5,4,3,105,4,910,1,0,4,5,0,2,3,196,0,1,12
8313,7,3,4,384,4,1482,2,1,4,7,1,2,3,100,25,1,15
6064,5,3,3,1208,4,1904,1,1,3,7,0,1,3,0,0,1,27
3339,6,4,4,612,5,1224,2,1,4,4,0,2,3,0,234,0,0
8896,5,3,3,1728,3,1728,2,0,3,10,0,1,3,155,0,1,43
7553,8,4,4,1476,5,1484,2,0,5,6,1,2,3,120,33,1,1
9351,7,3,3,1277,3,1277,1,0,3,5,1,2,3,0,0,1,37
5288,4,3,3,732,4,1123,1,0,3,4,0,1,3,0,0,0,57
11947,3,3,0,0,5,1733,2,0,3,8,1,2,3,0,0,1,54
6109,6,3,3,684,3,1355,1,1,4,7,0,0,0,136,0,0,1
9738,5,3,4,974,3,974,1,0,3,5,0,0,0,0,28,1,15
7348,5,3,3,1052,4,1052,1,1,3,5,0,1,3,356,0,1,38
10586,5,3,3,1039,5,1039,1,1,3,6,0,2,3,0,0,1,45
13042,7,4,4,1530,5,1530,2,0,4,7,1,3,3,144,36,1,3
